Source IP,Destination IP,Protocol,Src Port,Dst Port,VPN Status,Attack Warning
192.168.1.5,104.46.162.227,TCP,55959,443,Unknown,None
192.168.1.5,208.95.112.1,TCP,55962,80,Unknown,None
104.46.162.227,192.168.1.5,TCP,443,55959,"âœ… Normal IP - ISP: Microsoft Corporation, Country: Australia",None
192.168.1.5,104.46.162.227,TCP,55959,443,Unknown,None
208.95.112.1,192.168.1.5,TCP,80,55962,"âœ… Normal IP - ISP: Total Uptime Technologies, LLC, Country: United States",None
192.168.1.5,208.95.112.1,TCP,55962,80,Unknown,None
192.168.1.5,208.95.112.1,TCP,55962,80,Unknown,None
208.95.112.1,192.168.1.5,TCP,80,55962,"âœ… Normal IP - ISP: Total Uptime Technologies, LLC, Country: United States",None
192.168.1.5,208.95.112.1,TCP,55962,80,Unknown,None
192.168.1.5,208.95.112.1,TCP,55962,80,Unknown,None
192.168.1.5,208.95.112.1,TCP,55963,80,Unknown,None
208.95.112.1,192.168.1.5,TCP,80,55962,"âœ… Normal IP - ISP: Total Uptime Technologies, LLC, Country: United States",None
192.168.1.5,208.95.112.1,TCP,55962,80,Unknown,None
208.95.112.1,192.168.1.5,TCP,80,55963,"âœ… Normal IP - ISP: Total Uptime Technologies, LLC, Country: United States",None
192.168.1.5,208.95.112.1,TCP,55963,80,Unknown,None
192.168.1.5,208.95.112.1,TCP,55963,80,Unknown,None
208.95.112.1,192.168.1.5,TCP,80,55963,"âœ… Normal IP - ISP: Total Uptime Technologies, LLC, Country: United States",None
192.168.1.5,208.95.112.1,TCP,55963,80,Unknown,None
192.168.1.5,208.95.112.1,TCP,55963,80,Unknown,None
192.168.1.5,208.95.112.1,TCP,55964,80,Unknown,None
208.95.112.1,192.168.1.5,TCP,80,55964,"âœ… Normal IP - ISP: Total Uptime Technologies, LLC, Country: United States",None
192.168.1.5,208.95.112.1,TCP,55964,80,Unknown,None
192.168.1.5,208.95.112.1,TCP,55964,80,Unknown,None
208.95.112.1,192.168.1.5,TCP,80,55963,"âœ… Normal IP - ISP: Total Uptime Technologies, LLC, Country: United States",None
192.168.1.5,208.95.112.1,TCP,55963,80,Unknown,None
208.95.112.1,192.168.1.5,TCP,80,55964,"âœ… Normal IP - ISP: Total Uptime Technologies, LLC, Country: United States",None
192.168.1.5,208.95.112.1,TCP,55964,80,Unknown,None
192.168.1.5,208.95.112.1,TCP,55964,80,Unknown,None
192.168.1.5,208.95.112.1,TCP,55965,80,Unknown,None
208.95.112.1,192.168.1.5,TCP,80,55964,"âœ… Normal IP - ISP: Total Uptime Technologies, LLC, Country: United States",None
192.168.1.5,208.95.112.1,TCP,55964,80,Unknown,None
208.95.112.1,192.168.1.5,TCP,80,55965,"âœ… Normal IP - ISP: Total Uptime Technologies, LLC, Country: United States",None
192.168.1.5,208.95.112.1,TCP,55965,80,Unknown,None
192.168.1.5,208.95.112.1,TCP,55965,80,Unknown,None
208.95.112.1,192.168.1.5,TCP,80,55965,"âœ… Normal IP - ISP: Total Uptime Technologies, LLC, Country: United States",None
192.168.1.5,208.95.112.1,TCP,55965,80,Unknown,None
192.168.1.5,208.95.112.1,TCP,55965,80,Unknown,None
192.168.1.5,208.95.112.1,TCP,55966,80,Unknown,None
208.95.112.1,192.168.1.5,TCP,80,55965,"âœ… Normal IP - ISP: Total Uptime Technologies, LLC, Country: United States",None
208.95.112.1,192.168.1.5,TCP,80,55966,"âœ… Normal IP - ISP: Total Uptime Technologies, LLC, Country: United States",None
192.168.1.5,208.95.112.1,TCP,55965,80,Unknown,None
192.168.1.5,208.95.112.1,TCP,55966,80,Unknown,None
192.168.1.5,208.95.112.1,TCP,55966,80,Unknown,None
208.95.112.1,192.168.1.5,TCP,80,55966,"âœ… Normal IP - ISP: Total Uptime Technologies, LLC, Country: United States",None
192.168.1.5,208.95.112.1,TCP,55966,80,Unknown,None
192.168.1.5,208.95.112.1,TCP,55966,80,Error,None
192.168.1.5,208.95.112.1,TCP,55967,80,Error,None
208.95.112.1,192.168.1.5,TCP,80,55966,Error,None
192.168.1.5,208.95.112.1,TCP,55966,80,Error,None
208.95.112.1,192.168.1.5,TCP,80,55967,Error,None
192.168.1.5,208.95.112.1,TCP,55967,80,Error,None
192.168.1.5,208.95.112.1,TCP,55967,80,Unknown,None
208.95.112.1,192.168.1.5,TCP,80,55967,"âœ… Normal IP - ISP: Total Uptime Technologies, LLC, Country: United States",None
192.168.1.5,208.95.112.1,TCP,55967,80,Unknown,None
192.168.1.5,208.95.112.1,TCP,55967,80,Unknown,None
192.168.1.5,208.95.112.1,TCP,55968,80,Unknown,None
208.95.112.1,192.168.1.5,TCP,80,55967,"âœ… Normal IP - ISP: Total Uptime Technologies, LLC, Country: United States",None
192.168.1.5,208.95.112.1,TCP,55967,80,Unknown,None
208.95.112.1,192.168.1.5,TCP,80,55968,"âœ… Normal IP - ISP: Total Uptime Technologies, LLC, Country: United States",None
192.168.1.5,208.95.112.1,TCP,55968,80,Unknown,None
192.168.1.5,208.95.112.1,TCP,55968,80,Unknown,None
208.95.112.1,192.168.1.5,TCP,80,55968,"âœ… Normal IP - ISP: Total Uptime Technologies, LLC, Country: United States",None
192.168.1.5,208.95.112.1,TCP,55968,80,Unknown,None
192.168.1.5,208.95.112.1,TCP,55968,80,Unknown,None
192.168.1.5,208.95.112.1,TCP,55969,80,Unknown,None
208.95.112.1,192.168.1.5,TCP,80,55969,"âœ… Normal IP - ISP: Total Uptime Technologies, LLC, Country: United States",None
192.168.1.5,208.95.112.1,TCP,55969,80,Unknown,None
192.168.1.5,208.95.112.1,TCP,55969,80,Unknown,None
208.95.112.1,192.168.1.5,TCP,80,55968,"âœ… Normal IP - ISP: Total Uptime Technologies, LLC, Country: United States",None
192.168.1.5,208.95.112.1,TCP,55968,80,Unknown,None
208.95.112.1,192.168.1.5,TCP,80,55969,"âœ… Normal IP - ISP: Total Uptime Technologies, LLC, Country: United States",None
192.168.1.5,208.95.112.1,TCP,55969,80,Error,None
192.168.1.5,208.95.112.1,TCP,55969,80,Unknown,None
192.168.1.5,208.95.112.1,TCP,55970,80,Unknown,None
208.95.112.1,192.168.1.5,TCP,80,55969,"âœ… Normal IP - ISP: Total Uptime Technologies, LLC, Country: United States",None
208.95.112.1,192.168.1.5,TCP,80,55970,Error,None
192.168.1.5,208.95.112.1,TCP,55969,80,Unknown,ðŸš¨ Possible DDoS Attack Detected!
192.168.1.5,208.95.112.1,TCP,55970,80,Unknown,ðŸš¨ Possible DDoS Attack Detected!
192.168.1.5,208.95.112.1,TCP,55970,80,Unknown,ðŸš¨ Possible DDoS Attack Detected!
208.95.112.1,192.168.1.5,TCP,80,55970,"âœ… Normal IP - ISP: Total Uptime Technologies, LLC, Country: United States",None
192.168.1.5,208.95.112.1,TCP,55970,80,Unknown,ðŸš¨ Possible DDoS Attack Detected!
192.168.1.5,208.95.112.1,TCP,55970,80,Unknown,ðŸš¨ Possible DDoS Attack Detected!
192.168.1.5,208.95.112.1,TCP,55971,80,Unknown,ðŸš¨ Possible Port Scan Detected!
208.95.112.1,192.168.1.5,TCP,80,55970,"âœ… Normal IP - ISP: Total Uptime Technologies, LLC, Country: United States",None
192.168.1.5,208.95.112.1,TCP,55970,80,Unknown,ðŸš¨ Possible Port Scan Detected!
208.95.112.1,192.168.1.5,TCP,80,55971,"âœ… Normal IP - ISP: Total Uptime Technologies, LLC, Country: United States",None
192.168.1.5,208.95.112.1,TCP,55971,80,Unknown,ðŸš¨ Possible Port Scan Detected!
192.168.1.5,208.95.112.1,TCP,55971,80,Unknown,ðŸš¨ Possible Port Scan Detected!
208.95.112.1,192.168.1.5,TCP,80,55971,"âœ… Normal IP - ISP: Total Uptime Technologies, LLC, Country: United States",None
192.168.1.5,208.95.112.1,TCP,55971,80,Unknown,ðŸš¨ Possible Port Scan Detected!
192.168.1.5,208.95.112.1,TCP,55971,80,Error,ðŸš¨ Possible Port Scan Detected!
192.168.1.5,208.95.112.1,TCP,55972,80,Error,ðŸš¨ Possible Port Scan Detected!
208.95.112.1,192.168.1.5,TCP,80,55971,"âœ… Normal IP - ISP: Total Uptime Technologies, LLC, Country: United States",None
192.168.1.5,208.95.112.1,TCP,55971,80,Error,ðŸš¨ Possible Port Scan Detected!
208.95.112.1,192.168.1.5,TCP,80,55972,"âœ… Normal IP - ISP: Total Uptime Technologies, LLC, Country: United States",None
192.168.1.5,208.95.112.1,TCP,55972,80,Error,ðŸš¨ Possible Port Scan Detected!
192.168.1.5,208.95.112.1,TCP,55972,80,Unknown,ðŸš¨ Possible Port Scan Detected!
208.95.112.1,192.168.1.5,TCP,80,55972,"âœ… Normal IP - ISP: Total Uptime Technologies, LLC, Country: United States",None
192.168.1.5,208.95.112.1,TCP,55972,80,Unknown,ðŸš¨ Possible Port Scan Detected!
192.168.1.5,208.95.112.1,TCP,55972,80,Unknown,ðŸš¨ Possible Port Scan Detected!
192.168.1.5,208.95.112.1,TCP,55973,80,Unknown,ðŸš¨ Possible Port Scan Detected!
208.95.112.1,192.168.1.5,TCP,80,55972,"âœ… Normal IP - ISP: Total Uptime Technologies, LLC, Country: United States",None
192.168.1.5,208.95.112.1,TCP,55972,80,Unknown,ðŸš¨ Possible Port Scan Detected!
208.95.112.1,192.168.1.5,TCP,80,55973,"âœ… Normal IP - ISP: Total Uptime Technologies, LLC, Country: United States",None
192.168.1.5,208.95.112.1,TCP,55973,80,Unknown,ðŸš¨ Possible Port Scan Detected!
192.168.1.5,208.95.112.1,TCP,55973,80,Unknown,ðŸš¨ Possible Port Scan Detected!
208.95.112.1,192.168.1.5,TCP,80,55973,"âœ… Normal IP - ISP: Total Uptime Technologies, LLC, Country: United States",None
192.168.1.5,208.95.112.1,TCP,55973,80,Unknown,ðŸš¨ Possible Port Scan Detected!
192.168.1.5,208.95.112.1,TCP,55973,80,Unknown,ðŸš¨ Possible Port Scan Detected!
192.168.1.5,208.95.112.1,TCP,55974,80,Unknown,ðŸš¨ Possible Port Scan Detected!
208.95.112.1,192.168.1.5,TCP,80,55973,"âœ… Normal IP - ISP: Total Uptime Technologies, LLC, Country: United States",None
192.168.1.5,208.95.112.1,TCP,55973,80,Unknown,ðŸš¨ Possible Port Scan Detected!
208.95.112.1,192.168.1.5,TCP,80,55974,"âœ… Normal IP - ISP: Total Uptime Technologies, LLC, Country: United States",None
192.168.1.5,208.95.112.1,TCP,55974,80,Unknown,ðŸš¨ Possible Port Scan Detected!
192.168.1.5,208.95.112.1,TCP,55974,80,Unknown,ðŸš¨ Possible Port Scan Detected!
208.95.112.1,192.168.1.5,TCP,80,55971,"âœ… Normal IP - ISP: Total Uptime Technologies, LLC, Country: United States",None
192.168.1.5,208.95.112.1,TCP,55971,80,Unknown,ðŸš¨ Possible Port Scan Detected!
208.95.112.1,192.168.1.5,TCP,80,55974,"âœ… Normal IP - ISP: Total Uptime Technologies, LLC, Country: United States",None
192.168.1.5,208.95.112.1,TCP,55974,80,Unknown,ðŸš¨ Possible Port Scan Detected!
192.168.1.5,208.95.112.1,TCP,55974,80,Unknown,ðŸš¨ Possible Port Scan Detected!
192.168.1.5,208.95.112.1,TCP,55975,80,Unknown,ðŸš¨ Possible Port Scan Detected!
208.95.112.1,192.168.1.5,TCP,80,55974,"âœ… Normal IP - ISP: Total Uptime Technologies, LLC, Country: United States",None
192.168.1.5,208.95.112.1,TCP,55974,80,Unknown,ðŸš¨ Possible Port Scan Detected!
208.95.112.1,192.168.1.5,TCP,80,55975,"âœ… Normal IP - ISP: Total Uptime Technologies, LLC, Country: United States",None
192.168.1.5,208.95.112.1,TCP,55975,80,Unknown,ðŸš¨ Possible Port Scan Detected!
192.168.1.5,208.95.112.1,TCP,55975,80,Unknown,ðŸš¨ Possible Port Scan Detected!
208.95.112.1,192.168.1.5,TCP,80,55975,"âœ… Normal IP - ISP: Total Uptime Technologies, LLC, Country: United States",None
192.168.1.5,208.95.112.1,TCP,55975,80,Unknown,ðŸš¨ Possible Port Scan Detected!
192.168.1.5,208.95.112.1,TCP,55975,80,Unknown,ðŸš¨ Possible Port Scan Detected!
192.168.1.5,208.95.112.1,TCP,55976,80,Unknown,ðŸš¨ Possible Port Scan Detected!
192.168.1.4,192.168.1.255,UDP,57621,57621,Unknown,None
208.95.112.1,192.168.1.5,TCP,80,55975,"âœ… Normal IP - ISP: Total Uptime Technologies, LLC, Country: United States",None
192.168.1.5,208.95.112.1,TCP,55975,80,Unknown,ðŸš¨ Possible Port Scan Detected!
208.95.112.1,192.168.1.5,TCP,80,55976,"âœ… Normal IP - ISP: Total Uptime Technologies, LLC, Country: United States",None
192.168.1.5,208.95.112.1,TCP,55976,80,Unknown,ðŸš¨ Possible Port Scan Detected!
192.168.1.5,208.95.112.1,TCP,55976,80,Unknown,ðŸš¨ Possible Port Scan Detected!
208.95.112.1,192.168.1.5,TCP,80,55976,"âœ… Normal IP - ISP: Total Uptime Technologies, LLC, Country: United States",None
192.168.1.5,208.95.112.1,TCP,55976,80,Unknown,ðŸš¨ Possible Port Scan Detected!
192.168.1.5,208.95.112.1,TCP,55976,80,Unknown,ðŸš¨ Possible Port Scan Detected!
192.168.1.5,208.95.112.1,TCP,55977,80,Unknown,ðŸš¨ Possible Port Scan Detected!
208.95.112.1,192.168.1.5,TCP,80,55976,"âœ… Normal IP - ISP: Total Uptime Technologies, LLC, Country: United States",None
192.168.1.5,208.95.112.1,TCP,55976,80,Unknown,ðŸš¨ Possible Port Scan Detected!
208.95.112.1,192.168.1.5,TCP,80,55977,"âœ… Normal IP - ISP: Total Uptime Technologies, LLC, Country: United States",None
192.168.1.5,208.95.112.1,TCP,55977,80,Unknown,ðŸš¨ Possible Port Scan Detected!
192.168.1.5,208.95.112.1,TCP,55977,80,Unknown,ðŸš¨ Possible Port Scan Detected!
208.95.112.1,192.168.1.5,TCP,80,55977,"âœ… Normal IP - ISP: Total Uptime Technologies, LLC, Country: United States",None
192.168.1.5,208.95.112.1,TCP,55977,80,Unknown,ðŸš¨ Possible Port Scan Detected!
192.168.1.5,208.95.112.1,TCP,55977,80,Unknown,ðŸš¨ Possible Port Scan Detected!
192.168.1.5,208.95.112.1,TCP,55978,80,Unknown,ðŸš¨ Possible Port Scan Detected!
192.168.1.1,192.168.1.255,UDP,40836,9995,Unknown,None
208.95.112.1,192.168.1.5,TCP,80,55977,"âœ… Normal IP - ISP: Total Uptime Technologies, LLC, Country: United States",None
192.168.1.5,208.95.112.1,TCP,55977,80,Unknown,ðŸš¨ Possible Port Scan Detected!
208.95.112.1,192.168.1.5,TCP,80,55978,"âœ… Normal IP - ISP: Total Uptime Technologies, LLC, Country: United States",None
192.168.1.5,208.95.112.1,TCP,55978,80,Unknown,ðŸš¨ Possible Port Scan Detected!
192.168.1.5,208.95.112.1,TCP,55978,80,Unknown,ðŸš¨ Possible Port Scan Detected!
208.95.112.1,192.168.1.5,TCP,80,55978,"âœ… Normal IP - ISP: Total Uptime Technologies, LLC, Country: United States",ðŸš¨ Possible DDoS Attack Detected!
192.168.1.5,208.95.112.1,TCP,55978,80,Unknown,ðŸš¨ Possible Port Scan Detected!
192.168.1.5,208.95.112.1,TCP,55978,80,Unknown,ðŸš¨ Possible Port Scan Detected!
192.168.1.5,208.95.112.1,TCP,55979,80,Unknown,ðŸš¨ Possible Port Scan Detected!
208.95.112.1,192.168.1.5,TCP,80,55978,"âœ… Normal IP - ISP: Total Uptime Technologies, LLC, Country: United States",ðŸš¨ Possible DDoS Attack Detected!
208.95.112.1,192.168.1.5,TCP,80,55979,"âœ… Normal IP - ISP: Total Uptime Technologies, LLC, Country: United States",ðŸš¨ Possible DDoS Attack Detected!
192.168.1.5,208.95.112.1,TCP,55978,80,Unknown,ðŸš¨ Possible Port Scan Detected!
192.168.1.5,208.95.112.1,TCP,55979,80,Unknown,ðŸš¨ Possible Port Scan Detected!
192.168.1.5,208.95.112.1,TCP,55979,80,Unknown,ðŸš¨ Possible Port Scan Detected!
208.95.112.1,192.168.1.5,TCP,80,55979,"âœ… Normal IP - ISP: Total Uptime Technologies, LLC, Country: United States",ðŸš¨ Possible DDoS Attack Detected!
192.168.1.5,208.95.112.1,TCP,55979,80,Unknown,ðŸš¨ Possible Port Scan Detected!
192.168.1.5,208.95.112.1,TCP,55979,80,Unknown,ðŸš¨ Possible Port Scan Detected!
192.168.1.5,208.95.112.1,TCP,55980,80,Unknown,ðŸš¨ Possible Port Scan Detected!
192.168.1.4,224.0.0.251,UDP,5353,5353,Unknown,None
208.95.112.1,192.168.1.5,TCP,80,55979,"âœ… Normal IP - ISP: Total Uptime Technologies, LLC, Country: United States",ðŸš¨ Possible DDoS Attack Detected!
192.168.1.5,208.95.112.1,TCP,55979,80,Unknown,ðŸš¨ Possible Port Scan Detected!
208.95.112.1,192.168.1.5,TCP,80,55980,"âœ… Normal IP - ISP: Total Uptime Technologies, LLC, Country: United States",ðŸš¨ Possible DDoS Attack Detected!
208.95.112.1,192.168.1.5,TCP,80,55977,"âœ… Normal IP - ISP: Total Uptime Technologies, LLC, Country: United States",ðŸš¨ Possible DDoS Attack Detected!
192.168.1.5,208.95.112.1,TCP,55980,80,Unknown,ðŸš¨ Possible Port Scan Detected!
192.168.1.5,208.95.112.1,TCP,55977,80,Unknown,ðŸš¨ Possible Port Scan Detected!
192.168.1.5,208.95.112.1,TCP,55980,80,Unknown,ðŸš¨ Possible Port Scan Detected!
208.95.112.1,192.168.1.5,TCP,80,55980,"âœ… Normal IP - ISP: Total Uptime Technologies, LLC, Country: United States",ðŸš¨ Possible DDoS Attack Detected!
192.168.1.5,208.95.112.1,TCP,55980,80,Unknown,ðŸš¨ Possible Port Scan Detected!
192.168.1.5,208.95.112.1,TCP,55980,80,Unknown,ðŸš¨ Possible Port Scan Detected!
192.168.1.5,208.95.112.1,TCP,55981,80,Unknown,ðŸš¨ Possible Port Scan Detected!
208.95.112.1,192.168.1.5,TCP,80,55981,"âœ… Normal IP - ISP: Total Uptime Technologies, LLC, Country: United States",ðŸš¨ Possible DDoS Attack Detected!
208.95.112.1,192.168.1.5,TCP,80,55980,"âœ… Normal IP - ISP: Total Uptime Technologies, LLC, Country: United States",ðŸš¨ Possible DDoS Attack Detected!
192.168.1.5,208.95.112.1,TCP,55981,80,Error,ðŸš¨ Possible Port Scan Detected!
192.168.1.5,208.95.112.1,TCP,55981,80,Error,ðŸš¨ Possible Port Scan Detected!
192.168.1.5,208.95.112.1,TCP,55980,80,Unknown,ðŸš¨ Possible Port Scan Detected!
208.95.112.1,192.168.1.5,TCP,80,55981,"âœ… Normal IP - ISP: Total Uptime Technologies, LLC, Country: United States",ðŸš¨ Possible DDoS Attack Detected!
192.168.1.5,208.95.112.1,TCP,55981,80,Unknown,ðŸš¨ Possible Port Scan Detected!
192.168.1.5,208.95.112.1,TCP,55981,80,Unknown,ðŸš¨ Possible Port Scan Detected!
192.168.1.5,208.95.112.1,TCP,55982,80,Unknown,ðŸš¨ Possible Port Scan Detected!
208.95.112.1,192.168.1.5,TCP,80,55981,"âœ… Normal IP - ISP: Total Uptime Technologies, LLC, Country: United States",ðŸš¨ Possible DDoS Attack Detected!
192.168.1.5,208.95.112.1,TCP,55981,80,Unknown,ðŸš¨ Possible Port Scan Detected!
208.95.112.1,192.168.1.5,TCP,80,55982,"âœ… Normal IP - ISP: Total Uptime Technologies, LLC, Country: United States",ðŸš¨ Possible DDoS Attack Detected!
192.168.1.5,208.95.112.1,TCP,55982,80,Unknown,ðŸš¨ Possible Port Scan Detected!
192.168.1.5,208.95.112.1,TCP,55982,80,Unknown,ðŸš¨ Possible Port Scan Detected!
208.95.112.1,192.168.1.5,TCP,80,55982,"âœ… Normal IP - ISP: Total Uptime Technologies, LLC, Country: United States",ðŸš¨ Possible DDoS Attack Detected!
192.168.1.5,208.95.112.1,TCP,55982,80,Unknown,ðŸš¨ Possible Port Scan Detected!
192.168.1.5,208.95.112.1,TCP,55982,80,Unknown,ðŸš¨ Possible Port Scan Detected!
192.168.1.5,208.95.112.1,TCP,55983,80,Unknown,ðŸš¨ Possible Port Scan Detected!
208.95.112.1,192.168.1.5,TCP,80,55983,"âœ… Normal IP - ISP: Total Uptime Technologies, LLC, Country: United States",ðŸš¨ Possible DDoS Attack Detected!
208.95.112.1,192.168.1.5,TCP,80,55982,"âœ… Normal IP - ISP: Total Uptime Technologies, LLC, Country: United States",ðŸš¨ Possible DDoS Attack Detected!
192.168.1.5,208.95.112.1,TCP,55983,80,Unknown,ðŸš¨ Possible Port Scan Detected!
192.168.1.5,208.95.112.1,TCP,55983,80,Unknown,ðŸš¨ Possible Port Scan Detected!
192.168.1.5,208.95.112.1,TCP,55982,80,Unknown,ðŸš¨ Possible Port Scan Detected!
208.95.112.1,192.168.1.5,TCP,80,55983,"âœ… Normal IP - ISP: Total Uptime Technologies, LLC, Country: United States",ðŸš¨ Possible DDoS Attack Detected!
192.168.1.5,208.95.112.1,TCP,55983,80,Unknown,ðŸš¨ Possible Port Scan Detected!
192.168.1.5,208.95.112.1,TCP,55983,80,Unknown,ðŸš¨ Possible Port Scan Detected!
192.168.1.5,208.95.112.1,TCP,55984,80,Unknown,ðŸš¨ Possible Port Scan Detected!
208.95.112.1,192.168.1.5,TCP,80,55983,"âœ… Normal IP - ISP: Total Uptime Technologies, LLC, Country: United States",ðŸš¨ Possible DDoS Attack Detected!
192.168.1.5,208.95.112.1,TCP,55983,80,Unknown,ðŸš¨ Possible Port Scan Detected!
208.95.112.1,192.168.1.5,TCP,80,55984,"âœ… Normal IP - ISP: Total Uptime Technologies, LLC, Country: United States",ðŸš¨ Possible DDoS Attack Detected!
192.168.1.5,208.95.112.1,TCP,55984,80,Unknown,ðŸš¨ Possible Port Scan Detected!
192.168.1.5,208.95.112.1,TCP,55984,80,Unknown,ðŸš¨ Possible Port Scan Detected!
208.95.112.1,192.168.1.5,TCP,80,55984,"âœ… Normal IP - ISP: Total Uptime Technologies, LLC, Country: United States",ðŸš¨ Possible DDoS Attack Detected!
192.168.1.5,208.95.112.1,TCP,55984,80,Unknown,ðŸš¨ Possible Port Scan Detected!
192.168.1.5,208.95.112.1,TCP,55984,80,Unknown,ðŸš¨ Possible Port Scan Detected!
192.168.1.5,208.95.112.1,TCP,55985,80,Unknown,ðŸš¨ Possible Port Scan Detected!
208.95.112.1,192.168.1.5,TCP,80,55984,"âœ… Normal IP - ISP: Total Uptime Technologies, LLC, Country: United States",ðŸš¨ Possible DDoS Attack Detected!
192.168.1.5,208.95.112.1,TCP,55984,80,Unknown,ðŸš¨ Possible Port Scan Detected!
208.95.112.1,192.168.1.5,TCP,80,55985,"âœ… Normal IP - ISP: Total Uptime Technologies, LLC, Country: United States",ðŸš¨ Possible DDoS Attack Detected!
192.168.1.5,208.95.112.1,TCP,55985,80,Unknown,ðŸš¨ Possible Port Scan Detected!
192.168.1.5,208.95.112.1,TCP,55985,80,Unknown,ðŸš¨ Possible Port Scan Detected!
208.95.112.1,192.168.1.5,TCP,80,55985,"âœ… Normal IP - ISP: Total Uptime Technologies, LLC, Country: United States",ðŸš¨ Possible DDoS Attack Detected!
192.168.1.5,208.95.112.1,TCP,55985,80,Unknown,ðŸš¨ Possible Port Scan Detected!
192.168.1.5,208.95.112.1,TCP,55985,80,Unknown,ðŸš¨ Possible Port Scan Detected!
192.168.1.5,208.95.112.1,TCP,55986,80,Unknown,ðŸš¨ Possible Port Scan Detected!
208.95.112.1,192.168.1.5,TCP,80,55985,"âœ… Normal IP - ISP: Total Uptime Technologies, LLC, Country: United States",ðŸš¨ Possible DDoS Attack Detected!
192.168.1.5,208.95.112.1,TCP,55985,80,Unknown,ðŸš¨ Possible Port Scan Detected!
208.95.112.1,192.168.1.5,TCP,80,55986,"âœ… Normal IP - ISP: Total Uptime Technologies, LLC, Country: United States",ðŸš¨ Possible DDoS Attack Detected!
192.168.1.5,208.95.112.1,TCP,55986,80,Unknown,ðŸš¨ Possible Port Scan Detected!
192.168.1.5,208.95.112.1,TCP,55986,80,Unknown,ðŸš¨ Possible Port Scan Detected!
208.95.112.1,192.168.1.5,TCP,80,55986,"âœ… Normal IP - ISP: Total Uptime Technologies, LLC, Country: United States",ðŸš¨ Possible DDoS Attack Detected!
192.168.1.5,208.95.112.1,TCP,55986,80,Unknown,ðŸš¨ Possible Port Scan Detected!
192.168.1.5,208.95.112.1,TCP,55986,80,Unknown,ðŸš¨ Possible Port Scan Detected!
192.168.1.5,208.95.112.1,TCP,55987,80,Unknown,ðŸš¨ Possible Port Scan Detected!
208.95.112.1,192.168.1.5,TCP,80,55986,"âœ… Normal IP - ISP: Total Uptime Technologies, LLC, Country: United States",ðŸš¨ Possible DDoS Attack Detected!
192.168.1.5,208.95.112.1,TCP,55986,80,Unknown,ðŸš¨ Possible Port Scan Detected!
208.95.112.1,192.168.1.5,TCP,80,55987,"âœ… Normal IP - ISP: Total Uptime Technologies, LLC, Country: United States",ðŸš¨ Possible DDoS Attack Detected!
192.168.1.5,208.95.112.1,TCP,55987,80,Unknown,ðŸš¨ Possible Port Scan Detected!
192.168.1.5,208.95.112.1,TCP,55987,80,Unknown,ðŸš¨ Possible Port Scan Detected!
208.95.112.1,192.168.1.5,TCP,80,55987,"âœ… Normal IP - ISP: Total Uptime Technologies, LLC, Country: United States",ðŸš¨ Possible DDoS Attack Detected!
192.168.1.5,208.95.112.1,TCP,55987,80,Unknown,ðŸš¨ Possible Port Scan Detected!
192.168.1.5,208.95.112.1,TCP,55987,80,Unknown,ðŸš¨ Possible Port Scan Detected!
192.168.1.5,208.95.112.1,TCP,55988,80,Unknown,ðŸš¨ Possible Port Scan Detected!
208.95.112.1,192.168.1.5,TCP,80,55987,"âœ… Normal IP - ISP: Total Uptime Technologies, LLC, Country: United States",ðŸš¨ Possible DDoS Attack Detected!
192.168.1.5,208.95.112.1,TCP,55987,80,Unknown,ðŸš¨ Possible Port Scan Detected!
192.168.1.5,208.95.112.1,TCP,55988,80,Unknown,ðŸš¨ Possible Port Scan Detected!
208.95.112.1,192.168.1.5,TCP,80,55988,"âœ… Normal IP - ISP: Total Uptime Technologies, LLC, Country: United States",ðŸš¨ Possible DDoS Attack Detected!
192.168.1.5,208.95.112.1,TCP,55988,80,Unknown,ðŸš¨ Possible Port Scan Detected!
192.168.1.5,208.95.112.1,TCP,55988,80,Unknown,ðŸš¨ Possible Port Scan Detected!
192.168.1.5,208.95.112.1,TCP,55988,80,Unknown,ðŸš¨ Possible Port Scan Detected!
208.95.112.1,192.168.1.5,TCP,80,55988,"âœ… Normal IP - ISP: Total Uptime Technologies, LLC, Country: United States",ðŸš¨ Possible DDoS Attack Detected!
192.168.1.5,208.95.112.1,TCP,55988,80,Unknown,ðŸš¨ Possible Port Scan Detected!
192.168.1.5,208.95.112.1,TCP,55988,80,Unknown,ðŸš¨ Possible Port Scan Detected!
192.168.1.5,208.95.112.1,TCP,55989,80,Unknown,ðŸš¨ Possible Port Scan Detected!
208.95.112.1,192.168.1.5,TCP,80,55988,"âœ… Normal IP - ISP: Total Uptime Technologies, LLC, Country: United States",ðŸš¨ Possible DDoS Attack Detected!
208.95.112.1,192.168.1.5,TCP,80,55988,"âœ… Normal IP - ISP: Total Uptime Technologies, LLC, Country: United States",ðŸš¨ Possible DDoS Attack Detected!
208.95.112.1,192.168.1.5,TCP,80,55989,"âœ… Normal IP - ISP: Total Uptime Technologies, LLC, Country: United States",ðŸš¨ Possible DDoS Attack Detected!
192.168.1.5,208.95.112.1,TCP,55988,80,Unknown,ðŸš¨ Possible Port Scan Detected!
192.168.1.5,208.95.112.1,TCP,55989,80,Unknown,ðŸš¨ Possible Port Scan Detected!
192.168.1.5,208.95.112.1,TCP,55989,80,Unknown,ðŸš¨ Possible Port Scan Detected!
208.95.112.1,192.168.1.5,TCP,80,55989,"âœ… Normal IP - ISP: Total Uptime Technologies, LLC, Country: United States",ðŸš¨ Possible DDoS Attack Detected!
192.168.1.5,208.95.112.1,TCP,55989,80,Unknown,ðŸš¨ Possible Port Scan Detected!
192.168.1.5,208.95.112.1,TCP,55989,80,Unknown,ðŸš¨ Possible Port Scan Detected!
192.168.1.5,208.95.112.1,TCP,55990,80,Unknown,ðŸš¨ Possible Port Scan Detected!
208.95.112.1,192.168.1.5,TCP,80,55989,"âœ… Normal IP - ISP: Total Uptime Technologies, LLC, Country: United States",ðŸš¨ Possible DDoS Attack Detected!
192.168.1.5,208.95.112.1,TCP,55989,80,Unknown,ðŸš¨ Possible Port Scan Detected!
208.95.112.1,192.168.1.5,TCP,80,55990,"âœ… Normal IP - ISP: Total Uptime Technologies, LLC, Country: United States",ðŸš¨ Possible DDoS Attack Detected!
192.168.1.5,208.95.112.1,TCP,55990,80,Unknown,ðŸš¨ Possible Port Scan Detected!
192.168.1.5,208.95.112.1,TCP,55990,80,Unknown,ðŸš¨ Possible Port Scan Detected!
208.95.112.1,192.168.1.5,TCP,80,55990,"âœ… Normal IP - ISP: Total Uptime Technologies, LLC, Country: United States",ðŸš¨ Possible DDoS Attack Detected!
192.168.1.5,208.95.112.1,TCP,55990,80,Unknown,ðŸš¨ Possible Port Scan Detected!
192.168.1.5,208.95.112.1,TCP,55990,80,Unknown,ðŸš¨ Possible Port Scan Detected!
192.168.1.5,208.95.112.1,TCP,55991,80,Unknown,ðŸš¨ Possible Port Scan Detected!
208.95.112.1,192.168.1.5,TCP,80,55991,"âœ… Normal IP - ISP: Total Uptime Technologies, LLC, Country: United States",ðŸš¨ Possible DDoS Attack Detected!
192.168.1.5,208.95.112.1,TCP,55991,80,Unknown,ðŸš¨ Possible Port Scan Detected!
192.168.1.5,208.95.112.1,TCP,55991,80,Unknown,ðŸš¨ Possible Port Scan Detected!
208.95.112.1,192.168.1.5,TCP,80,55990,"âœ… Normal IP - ISP: Total Uptime Technologies, LLC, Country: United States",ðŸš¨ Possible DDoS Attack Detected!
192.168.1.5,208.95.112.1,TCP,55990,80,Unknown,ðŸš¨ Possible Port Scan Detected!
208.95.112.1,192.168.1.5,TCP,80,55991,"âœ… Normal IP - ISP: Total Uptime Technologies, LLC, Country: United States",ðŸš¨ Possible DDoS Attack Detected!
192.168.1.5,208.95.112.1,TCP,55991,80,Unknown,ðŸš¨ Possible Port Scan Detected!
192.168.1.5,208.95.112.1,TCP,55991,80,Unknown,ðŸš¨ Possible Port Scan Detected!
192.168.1.5,208.95.112.1,TCP,55992,80,Unknown,ðŸš¨ Possible Port Scan Detected!
192.168.1.1,192.168.1.255,UDP,40836,9995,Unknown,None
208.95.112.1,192.168.1.5,TCP,80,55992,"âœ… Normal IP - ISP: Total Uptime Technologies, LLC, Country: United States",ðŸš¨ Possible DDoS Attack Detected!
192.168.1.5,208.95.112.1,TCP,55992,80,Unknown,ðŸš¨ Possible Port Scan Detected!
192.168.1.5,208.95.112.1,TCP,55992,80,Unknown,ðŸš¨ Possible Port Scan Detected!
208.95.112.1,192.168.1.5,TCP,80,55992,"âœ… Normal IP - ISP: Total Uptime Technologies, LLC, Country: United States",ðŸš¨ Possible DDoS Attack Detected!
192.168.1.5,208.95.112.1,TCP,55992,80,Unknown,ðŸš¨ Possible Port Scan Detected!
192.168.1.5,208.95.112.1,TCP,55992,80,Unknown,ðŸš¨ Possible Port Scan Detected!
192.168.1.5,208.95.112.1,TCP,55993,80,Unknown,ðŸš¨ Possible Port Scan Detected!
208.95.112.1,192.168.1.5,TCP,80,55993,"âœ… Normal IP - ISP: Total Uptime Technologies, LLC, Country: United States",ðŸš¨ Possible DDoS Attack Detected!
192.168.1.5,208.95.112.1,TCP,55993,80,Unknown,ðŸš¨ Possible Port Scan Detected!
192.168.1.5,208.95.112.1,TCP,55993,80,Unknown,ðŸš¨ Possible Port Scan Detected!
208.95.112.1,192.168.1.5,TCP,80,55992,"âœ… Normal IP - ISP: Total Uptime Technologies, LLC, Country: United States",ðŸš¨ Possible DDoS Attack Detected!
192.168.1.5,208.95.112.1,TCP,55992,80,Unknown,ðŸš¨ Possible Port Scan Detected!
192.168.1.5,208.95.112.1,TCP,55991,80,Unknown,ðŸš¨ Possible Port Scan Detected!
208.95.112.1,192.168.1.5,TCP,80,55993,"âœ… Normal IP - ISP: Total Uptime Technologies, LLC, Country: United States",ðŸš¨ Possible DDoS Attack Detected!
208.95.112.1,192.168.1.5,TCP,80,55991,"âœ… Normal IP - ISP: Total Uptime Technologies, LLC, Country: United States",ðŸš¨ Possible DDoS Attack Detected!
208.95.112.1,192.168.1.5,TCP,80,55991,"âœ… Normal IP - ISP: Total Uptime Technologies, LLC, Country: United States",ðŸš¨ Possible DDoS Attack Detected!
192.168.1.5,208.95.112.1,TCP,55993,80,Unknown,ðŸš¨ Possible Port Scan Detected!
192.168.1.5,208.95.112.1,TCP,55991,80,Unknown,ðŸš¨ Possible Port Scan Detected!
192.168.1.5,208.95.112.1,TCP,55993,80,Unknown,ðŸš¨ Possible Port Scan Detected!
192.168.1.5,208.95.112.1,TCP,55994,80,Unknown,ðŸš¨ Possible Port Scan Detected!
208.95.112.1,192.168.1.5,TCP,80,55993,"âœ… Normal IP - ISP: Total Uptime Technologies, LLC, Country: United States",ðŸš¨ Possible DDoS Attack Detected!
192.168.1.5,208.95.112.1,TCP,55993,80,Unknown,ðŸš¨ Possible Port Scan Detected!
208.95.112.1,192.168.1.5,TCP,80,55994,"âœ… Normal IP - ISP: Total Uptime Technologies, LLC, Country: United States",ðŸš¨ Possible DDoS Attack Detected!
192.168.1.5,208.95.112.1,TCP,55994,80,Unknown,ðŸš¨ Possible Port Scan Detected!
192.168.1.5,208.95.112.1,TCP,55994,80,Unknown,ðŸš¨ Possible Port Scan Detected!
192.168.1.1,224.0.0.1,Other,N/A,N/A,Unknown,None
192.168.1.1,224.0.0.1,Other,N/A,N/A,Unknown,None
192.168.1.1,224.0.0.1,Other,N/A,N/A,Unknown,None
208.95.112.1,192.168.1.5,TCP,80,55994,"âœ… Normal IP - ISP: Total Uptime Technologies, LLC, Country: United States",ðŸš¨ Possible DDoS Attack Detected!
192.168.1.5,208.95.112.1,TCP,55994,80,Unknown,ðŸš¨ Possible Port Scan Detected!
192.168.1.5,208.95.112.1,TCP,55994,80,Unknown,ðŸš¨ Possible Port Scan Detected!
192.168.1.5,208.95.112.1,TCP,55995,80,Unknown,ðŸš¨ Possible Port Scan Detected!
208.95.112.1,192.168.1.5,TCP,80,55994,"âœ… Normal IP - ISP: Total Uptime Technologies, LLC, Country: United States",ðŸš¨ Possible DDoS Attack Detected!
192.168.1.5,208.95.112.1,TCP,55994,80,Unknown,ðŸš¨ Possible Port Scan Detected!
208.95.112.1,192.168.1.5,TCP,80,55995,"âœ… Normal IP - ISP: Total Uptime Technologies, LLC, Country: United States",ðŸš¨ Possible DDoS Attack Detected!
192.168.1.5,208.95.112.1,TCP,55995,80,Unknown,ðŸš¨ Possible Port Scan Detected!
192.168.1.5,208.95.112.1,TCP,55995,80,Error,ðŸš¨ Possible Port Scan Detected!
208.95.112.1,192.168.1.5,TCP,80,55995,Error,ðŸš¨ Possible DDoS Attack Detected!
192.168.1.5,208.95.112.1,TCP,55995,80,Error,ðŸš¨ Possible Port Scan Detected!
192.168.1.5,208.95.112.1,TCP,55995,80,Error,ðŸš¨ Possible Port Scan Detected!
192.168.1.5,208.95.112.1,TCP,55996,80,Unknown,ðŸš¨ Possible Port Scan Detected!
192.168.1.5,224.0.0.251,UDP,5353,5353,Unknown,ðŸš¨ Possible Port Scan Detected!
208.95.112.1,192.168.1.5,TCP,80,55996,"âœ… Normal IP - ISP: Total Uptime Technologies, LLC, Country: United States",ðŸš¨ Possible DDoS Attack Detected!
192.168.1.5,208.95.112.1,TCP,55996,80,Unknown,ðŸš¨ Possible Port Scan Detected!
192.168.1.5,208.95.112.1,TCP,55996,80,Unknown,ðŸš¨ Possible Port Scan Detected!
208.95.112.1,192.168.1.5,TCP,80,55996,"âœ… Normal IP - ISP: Total Uptime Technologies, LLC, Country: United States",ðŸš¨ Possible DDoS Attack Detected!
192.168.1.5,208.95.112.1,TCP,55996,80,Unknown,ðŸš¨ Possible Port Scan Detected!
192.168.1.5,208.95.112.1,TCP,55996,80,Unknown,ðŸš¨ Possible Port Scan Detected!
192.168.1.5,208.95.112.1,TCP,55997,80,Unknown,ðŸš¨ Possible Port Scan Detected!
192.168.1.5,208.95.112.1,TCP,55995,80,Unknown,ðŸš¨ Possible Port Scan Detected!
0.0.0.0,255.255.255.255,UDP,68,67,Unknown,None
208.95.112.1,192.168.1.5,TCP,80,55997,"âœ… Normal IP - ISP: Total Uptime Technologies, LLC, Country: United States",ðŸš¨ Possible DDoS Attack Detected!
208.95.112.1,192.168.1.5,TCP,80,55996,"âœ… Normal IP - ISP: Total Uptime Technologies, LLC, Country: United States",ðŸš¨ Possible DDoS Attack Detected!
208.95.112.1,192.168.1.5,TCP,80,55995,"âœ… Normal IP - ISP: Total Uptime Technologies, LLC, Country: United States",ðŸš¨ Possible DDoS Attack Detected!
192.168.1.5,208.95.112.1,TCP,55997,80,Unknown,ðŸš¨ Possible Port Scan Detected!
192.168.1.5,208.95.112.1,TCP,55997,80,Unknown,ðŸš¨ Possible Port Scan Detected!
192.168.1.5,208.95.112.1,TCP,55996,80,Unknown,ðŸš¨ Possible Port Scan Detected!
192.168.1.5,17.253.61.196,TCP,53391,443,Unknown,ðŸš¨ Possible Port Scan Detected!
17.253.61.196,192.168.1.5,TCP,443,53391,"âœ… Normal IP - ISP: Apple Inc., Country: Singapore",None
192.168.1.5,17.253.61.196,TCP,53391,443,Unknown,ðŸš¨ Possible Port Scan Detected!
192.168.1.5,17.253.61.196,TCP,53391,443,Unknown,ðŸš¨ Possible Port Scan Detected!
17.253.61.196,192.168.1.5,TCP,443,53391,"âœ… Normal IP - ISP: Apple Inc., Country: Singapore",None
17.253.61.196,192.168.1.5,TCP,443,53391,"âœ… Normal IP - ISP: Apple Inc., Country: Singapore",None
17.253.61.196,192.168.1.5,TCP,443,53391,"âœ… Normal IP - ISP: Apple Inc., Country: Singapore",None
17.253.61.196,192.168.1.5,TCP,443,53391,"âœ… Normal IP - ISP: Apple Inc., Country: Singapore",None
17.253.61.196,192.168.1.5,TCP,443,53391,"âœ… Normal IP - ISP: Apple Inc., Country: Singapore",None
17.253.61.196,192.168.1.5,TCP,443,53391,"âœ… Normal IP - ISP: Apple Inc., Country: Singapore",None
192.168.1.5,17.253.61.196,TCP,53391,443,Unknown,ðŸš¨ Possible Port Scan Detected!
192.168.1.5,17.253.61.196,TCP,53391,443,Unknown,ðŸš¨ Possible Port Scan Detected!
192.168.1.5,17.253.61.196,TCP,53391,443,Unknown,ðŸš¨ Possible Port Scan Detected!
17.253.61.196,192.168.1.5,TCP,443,53391,"âœ… Normal IP - ISP: Apple Inc., Country: Singapore",None
192.168.1.5,17.253.61.196,TCP,53391,443,Unknown,ðŸš¨ Possible Port Scan Detected!
192.168.1.5,17.253.61.196,TCP,53391,443,Unknown,ðŸš¨ Possible Port Scan Detected!
208.95.112.1,192.168.1.5,TCP,80,55997,"âœ… Normal IP - ISP: Total Uptime Technologies, LLC, Country: United States",ðŸš¨ Possible DDoS Attack Detected!
17.253.61.196,192.168.1.5,TCP,443,53391,"âœ… Normal IP - ISP: Apple Inc., Country: Singapore",None
192.168.1.5,17.253.61.196,TCP,53391,443,Unknown,ðŸš¨ Possible Port Scan Detected!
208.95.112.1,192.168.1.5,TCP,80,55997,"âœ… Normal IP - ISP: Total Uptime Technologies, LLC, Country: United States",ðŸš¨ Possible DDoS Attack Detected!
192.168.1.5,208.95.112.1,TCP,55997,80,Unknown,ðŸš¨ Possible Port Scan Detected!
192.168.1.5,208.95.112.1,TCP,55997,80,Unknown,ðŸš¨ Possible Port Scan Detected!
192.168.1.5,208.95.112.1,TCP,55998,80,Unknown,ðŸš¨ Possible Port Scan Detected!
17.253.61.196,192.168.1.5,TCP,443,53391,"âœ… Normal IP - ISP: Apple Inc., Country: Singapore",None
208.95.112.1,192.168.1.5,TCP,80,55997,"âœ… Normal IP - ISP: Total Uptime Technologies, LLC, Country: United States",ðŸš¨ Possible DDoS Attack Detected!
192.168.1.5,208.95.112.1,TCP,55997,80,Unknown,ðŸš¨ Possible Port Scan Detected!
208.95.112.1,192.168.1.5,TCP,80,55998,"âœ… Normal IP - ISP: Total Uptime Technologies, LLC, Country: United States",ðŸš¨ Possible DDoS Attack Detected!
192.168.1.5,208.95.112.1,TCP,55998,80,Unknown,ðŸš¨ Possible Port Scan Detected!
192.168.1.5,208.95.112.1,TCP,55998,80,Error,ðŸš¨ Possible Port Scan Detected!
208.95.112.1,192.168.1.5,TCP,80,55998,Error,ðŸš¨ Possible DDoS Attack Detected!
192.168.1.5,208.95.112.1,TCP,55998,80,Error,ðŸš¨ Possible Port Scan Detected!
192.168.1.5,208.95.112.1,TCP,55998,80,Error,ðŸš¨ Possible Port Scan Detected!
192.168.1.5,208.95.112.1,TCP,55999,80,Error,ðŸš¨ Possible Port Scan Detected!
208.95.112.1,192.168.1.5,TCP,80,55998,Error,ðŸš¨ Possible DDoS Attack Detected!
192.168.1.5,208.95.112.1,TCP,55998,80,Error,ðŸš¨ Possible Port Scan Detected!
208.95.112.1,192.168.1.5,TCP,80,55999,Error,ðŸš¨ Possible DDoS Attack Detected!
192.168.1.5,208.95.112.1,TCP,55999,80,Unknown,ðŸš¨ Possible Port Scan Detected!
192.168.1.5,208.95.112.1,TCP,55999,80,Unknown,ðŸš¨ Possible Port Scan Detected!
208.95.112.1,192.168.1.5,TCP,80,55999,"âœ… Normal IP - ISP: Total Uptime Technologies, LLC, Country: United States",ðŸš¨ Possible DDoS Attack Detected!
192.168.1.5,208.95.112.1,TCP,55999,80,Unknown,ðŸš¨ Possible Port Scan Detected!
192.168.1.5,208.95.112.1,TCP,55999,80,Unknown,ðŸš¨ Possible Port Scan Detected!
192.168.1.5,208.95.112.1,TCP,56000,80,Unknown,ðŸš¨ Possible Port Scan Detected!
208.95.112.1,192.168.1.5,TCP,80,55999,"âœ… Normal IP - ISP: Total Uptime Technologies, LLC, Country: United States",ðŸš¨ Possible DDoS Attack Detected!
192.168.1.5,208.95.112.1,TCP,55999,80,Unknown,ðŸš¨ Possible Port Scan Detected!
208.95.112.1,192.168.1.5,TCP,80,56000,"âœ… Normal IP - ISP: Total Uptime Technologies, LLC, Country: United States",ðŸš¨ Possible DDoS Attack Detected!
192.168.1.5,208.95.112.1,TCP,56000,80,Unknown,ðŸš¨ Possible Port Scan Detected!
192.168.1.5,208.95.112.1,TCP,56000,80,Unknown,ðŸš¨ Possible Port Scan Detected!
208.95.112.1,192.168.1.5,TCP,80,56000,"âœ… Normal IP - ISP: Total Uptime Technologies, LLC, Country: United States",ðŸš¨ Possible DDoS Attack Detected!
192.168.1.5,208.95.112.1,TCP,56000,80,Unknown,ðŸš¨ Possible Port Scan Detected!
192.168.1.5,208.95.112.1,TCP,56000,80,Unknown,ðŸš¨ Possible Port Scan Detected!
192.168.1.5,208.95.112.1,TCP,56001,80,Unknown,ðŸš¨ Possible Port Scan Detected!
208.95.112.1,192.168.1.5,TCP,80,56000,"âœ… Normal IP - ISP: Total Uptime Technologies, LLC, Country: United States",ðŸš¨ Possible DDoS Attack Detected!
192.168.1.5,208.95.112.1,TCP,56000,80,Unknown,ðŸš¨ Possible Port Scan Detected!
208.95.112.1,192.168.1.5,TCP,80,56001,"âœ… Normal IP - ISP: Total Uptime Technologies, LLC, Country: United States",ðŸš¨ Possible DDoS Attack Detected!
192.168.1.5,208.95.112.1,TCP,56001,80,Unknown,ðŸš¨ Possible Port Scan Detected!
192.168.1.5,208.95.112.1,TCP,56001,80,Unknown,ðŸš¨ Possible Port Scan Detected!
208.95.112.1,192.168.1.5,TCP,80,56001,"âœ… Normal IP - ISP: Total Uptime Technologies, LLC, Country: United States",ðŸš¨ Possible DDoS Attack Detected!
192.168.1.5,208.95.112.1,TCP,56001,80,Unknown,ðŸš¨ Possible Port Scan Detected!
192.168.1.5,208.95.112.1,TCP,56001,80,Unknown,ðŸš¨ Possible Port Scan Detected!
192.168.1.5,208.95.112.1,TCP,56002,80,Unknown,ðŸš¨ Possible Port Scan Detected!
208.95.112.1,192.168.1.5,TCP,80,55999,"âœ… Normal IP - ISP: Total Uptime Technologies, LLC, Country: United States",ðŸš¨ Possible DDoS Attack Detected!
192.168.1.5,208.95.112.1,TCP,55999,80,Unknown,ðŸš¨ Possible Port Scan Detected!
208.95.112.1,192.168.1.5,TCP,80,56002,"âœ… Normal IP - ISP: Total Uptime Technologies, LLC, Country: United States",ðŸš¨ Possible DDoS Attack Detected!
208.95.112.1,192.168.1.5,TCP,80,56001,"âœ… Normal IP - ISP: Total Uptime Technologies, LLC, Country: United States",ðŸš¨ Possible DDoS Attack Detected!
192.168.1.5,208.95.112.1,TCP,56002,80,Unknown,ðŸš¨ Possible Port Scan Detected!
192.168.1.5,208.95.112.1,TCP,56002,80,Unknown,ðŸš¨ Possible Port Scan Detected!
192.168.1.5,208.95.112.1,TCP,56001,80,Unknown,ðŸš¨ Possible Port Scan Detected!
208.95.112.1,192.168.1.5,TCP,80,56002,"âœ… Normal IP - ISP: Total Uptime Technologies, LLC, Country: United States",ðŸš¨ Possible DDoS Attack Detected!
192.168.1.5,208.95.112.1,TCP,56002,80,Unknown,ðŸš¨ Possible Port Scan Detected!
192.168.1.5,208.95.112.1,TCP,56002,80,Unknown,ðŸš¨ Possible Port Scan Detected!
192.168.1.5,208.95.112.1,TCP,56003,80,Unknown,ðŸš¨ Possible Port Scan Detected!
208.95.112.1,192.168.1.5,TCP,80,56002,"âœ… Normal IP - ISP: Total Uptime Technologies, LLC, Country: United States",ðŸš¨ Possible DDoS Attack Detected!
192.168.1.5,208.95.112.1,TCP,56002,80,Unknown,ðŸš¨ Possible Port Scan Detected!
208.95.112.1,192.168.1.5,TCP,80,56003,"âœ… Normal IP - ISP: Total Uptime Technologies, LLC, Country: United States",ðŸš¨ Possible DDoS Attack Detected!
192.168.1.5,208.95.112.1,TCP,56003,80,Unknown,ðŸš¨ Possible Port Scan Detected!
192.168.1.5,208.95.112.1,TCP,56003,80,Unknown,ðŸš¨ Possible Port Scan Detected!
208.95.112.1,192.168.1.5,TCP,80,56003,"âœ… Normal IP - ISP: Total Uptime Technologies, LLC, Country: United States",ðŸš¨ Possible DDoS Attack Detected!
208.95.112.1,192.168.1.5,TCP,80,56003,"âœ… Normal IP - ISP: Total Uptime Technologies, LLC, Country: United States",ðŸš¨ Possible DDoS Attack Detected!
192.168.1.5,208.95.112.1,TCP,56003,80,Unknown,ðŸš¨ Possible Port Scan Detected!
192.168.1.5,208.95.112.1,TCP,56003,80,Unknown,ðŸš¨ Possible Port Scan Detected!
192.168.1.5,208.95.112.1,TCP,56004,80,Unknown,ðŸš¨ Possible Port Scan Detected!
208.95.112.1,192.168.1.5,TCP,80,56004,Error,ðŸš¨ Possible DDoS Attack Detected!
192.168.1.5,208.95.112.1,TCP,56004,80,Error,ðŸš¨ Possible Port Scan Detected!
192.168.1.5,208.95.112.1,TCP,56004,80,Unknown,ðŸš¨ Possible Port Scan Detected!
208.95.112.1,192.168.1.5,TCP,80,56003,"âœ… Normal IP - ISP: Total Uptime Technologies, LLC, Country: United States",ðŸš¨ Possible DDoS Attack Detected!
192.168.1.5,208.95.112.1,TCP,56003,80,Unknown,ðŸš¨ Possible Port Scan Detected!
208.95.112.1,192.168.1.5,TCP,80,56004,"âœ… Normal IP - ISP: Total Uptime Technologies, LLC, Country: United States",ðŸš¨ Possible DDoS Attack Detected!
192.168.1.5,208.95.112.1,TCP,56004,80,Unknown,ðŸš¨ Possible Port Scan Detected!
192.168.1.5,208.95.112.1,TCP,56004,80,Unknown,ðŸš¨ Possible Port Scan Detected!
192.168.1.5,208.95.112.1,TCP,56005,80,Unknown,ðŸš¨ Possible Port Scan Detected!
192.168.1.1,192.168.1.255,UDP,40836,9995,Unknown,None
192.168.1.11,224.0.0.251,UDP,5353,5353,Unknown,None
192.168.1.11,224.0.0.251,UDP,5353,5353,Unknown,None
208.95.112.1,192.168.1.5,TCP,80,56004,"âœ… Normal IP - ISP: Total Uptime Technologies, LLC, Country: United States",ðŸš¨ Possible DDoS Attack Detected!
192.168.1.5,208.95.112.1,TCP,56004,80,Unknown,ðŸš¨ Possible Port Scan Detected!
208.95.112.1,192.168.1.5,TCP,80,56005,"âœ… Normal IP - ISP: Total Uptime Technologies, LLC, Country: United States",ðŸš¨ Possible DDoS Attack Detected!
192.168.1.5,208.95.112.1,TCP,56005,80,Unknown,ðŸš¨ Possible Port Scan Detected!
192.168.1.5,208.95.112.1,TCP,56005,80,Unknown,ðŸš¨ Possible Port Scan Detected!
208.95.112.1,192.168.1.5,TCP,80,56005,"âœ… Normal IP - ISP: Total Uptime Technologies, LLC, Country: United States",ðŸš¨ Possible DDoS Attack Detected!
192.168.1.5,208.95.112.1,TCP,56005,80,Unknown,ðŸš¨ Possible Port Scan Detected!
192.168.1.5,208.95.112.1,TCP,56005,80,Unknown,ðŸš¨ Possible Port Scan Detected!
192.168.1.5,208.95.112.1,TCP,56006,80,Unknown,ðŸš¨ Possible Port Scan Detected!
208.95.112.1,192.168.1.5,TCP,80,56005,"âœ… Normal IP - ISP: Total Uptime Technologies, LLC, Country: United States",ðŸš¨ Possible DDoS Attack Detected!
192.168.1.5,208.95.112.1,TCP,56005,80,Error,ðŸš¨ Possible Port Scan Detected!
208.95.112.1,192.168.1.5,TCP,80,56006,"âœ… Normal IP - ISP: Total Uptime Technologies, LLC, Country: United States",ðŸš¨ Possible DDoS Attack Detected!
192.168.1.5,208.95.112.1,TCP,56006,80,Unknown,ðŸš¨ Possible Port Scan Detected!
192.168.1.5,208.95.112.1,TCP,56006,80,Unknown,ðŸš¨ Possible Port Scan Detected!
208.95.112.1,192.168.1.5,TCP,80,56006,"âœ… Normal IP - ISP: Total Uptime Technologies, LLC, Country: United States",ðŸš¨ Possible DDoS Attack Detected!
192.168.1.5,208.95.112.1,TCP,56006,80,Unknown,ðŸš¨ Possible Port Scan Detected!
192.168.1.5,208.95.112.1,TCP,56006,80,Unknown,ðŸš¨ Possible Port Scan Detected!
192.168.1.5,208.95.112.1,TCP,56007,80,Unknown,ðŸš¨ Possible Port Scan Detected!
208.95.112.1,192.168.1.5,TCP,80,56006,"âœ… Normal IP - ISP: Total Uptime Technologies, LLC, Country: United States",ðŸš¨ Possible DDoS Attack Detected!
192.168.1.5,208.95.112.1,TCP,56006,80,Unknown,ðŸš¨ Possible Port Scan Detected!
208.95.112.1,192.168.1.5,TCP,80,56007,"âœ… Normal IP - ISP: Total Uptime Technologies, LLC, Country: United States",ðŸš¨ Possible DDoS Attack Detected!
192.168.1.5,208.95.112.1,TCP,56007,80,Unknown,ðŸš¨ Possible Port Scan Detected!
192.168.1.5,208.95.112.1,TCP,56007,80,Unknown,ðŸš¨ Possible Port Scan Detected!
192.168.1.5,208.95.112.1,TCP,56007,80,Unknown,ðŸš¨ Possible Port Scan Detected!
192.168.1.5,208.95.112.1,TCP,56007,80,Unknown,ðŸš¨ Possible Port Scan Detected!
192.168.1.11,224.0.0.251,UDP,5353,5353,Unknown,None
192.168.1.11,224.0.0.251,UDP,5353,5353,Unknown,None
192.168.1.11,192.168.1.255,UDP,137,137,Unknown,None
192.168.1.11,192.168.1.255,UDP,137,137,Unknown,None
192.168.1.11,192.168.1.255,UDP,137,137,Unknown,None
192.168.1.5,208.95.112.1,TCP,56007,80,Unknown,ðŸš¨ Possible Port Scan Detected!
192.168.1.11,192.168.1.255,UDP,137,137,Unknown,None
192.168.1.11,192.168.1.255,UDP,137,137,Unknown,None
192.168.1.11,224.0.0.251,UDP,5353,5353,Unknown,None
192.168.1.5,17.248.239.65,TCP,53390,443,Unknown,ðŸš¨ Possible Port Scan Detected!
192.168.1.5,17.248.239.65,TCP,53390,443,Error,ðŸš¨ Possible Port Scan Detected!
17.248.239.65,192.168.1.5,TCP,443,53390,Error,None
192.168.1.5,17.248.239.65,TCP,53390,443,Error,ðŸš¨ Possible Port Scan Detected!
192.168.1.11,192.168.1.255,UDP,137,137,Error,None
192.168.1.11,192.168.1.255,UDP,137,137,Error,None
192.168.1.11,192.168.1.255,UDP,137,137,Error,None
192.168.1.4,224.0.0.251,UDP,5353,5353,Error,None
192.168.1.11,192.168.1.255,UDP,137,137,Error,None
192.168.1.11,192.168.1.255,UDP,137,137,Error,None
192.168.1.11,192.168.1.255,UDP,137,137,Error,None
192.168.1.11,224.0.0.251,UDP,5353,5353,Error,None
192.168.1.11,224.0.0.251,UDP,5353,5353,Error,None
192.168.1.5,208.95.112.1,TCP,56007,80,Error,ðŸš¨ Possible Port Scan Detected!
192.168.1.5,208.95.112.1,TCP,56007,80,Error,ðŸš¨ Possible Port Scan Detected!
192.168.1.5,208.95.112.1,TCP,56008,80,Error,ðŸš¨ Possible Port Scan Detected!
208.95.112.1,192.168.1.5,TCP,80,56008,Error,ðŸš¨ Possible DDoS Attack Detected!
192.168.1.5,208.95.112.1,TCP,56008,80,Error,ðŸš¨ Possible Port Scan Detected!
192.168.1.5,208.95.112.1,TCP,56008,80,Unknown,ðŸš¨ Possible Port Scan Detected!
192.168.1.5,208.95.112.1,TCP,56008,80,Unknown,ðŸš¨ Possible Port Scan Detected!
192.168.1.5,208.95.112.1,TCP,56008,80,Unknown,ðŸš¨ Possible Port Scan Detected!
192.168.1.5,208.95.112.1,TCP,56008,80,Unknown,ðŸš¨ Possible Port Scan Detected!
192.168.1.11,192.168.1.255,UDP,137,137,Unknown,None
192.168.1.5,208.95.112.1,TCP,56008,80,Unknown,ðŸš¨ Possible Port Scan Detected!
192.168.1.5,208.95.112.1,TCP,56060,80,Unknown,ðŸš¨ Possible Port Scan Detected!
208.95.112.1,192.168.1.5,TCP,80,56060,"âœ… Normal IP - ISP: Total Uptime Technologies, LLC, Country: United States",ðŸš¨ Possible DDoS Attack Detected!
192.168.1.5,208.95.112.1,TCP,56060,80,Unknown,ðŸš¨ Possible Port Scan Detected!
192.168.1.5,208.95.112.1,TCP,56060,80,Unknown,ðŸš¨ Possible Port Scan Detected!
192.168.1.5,208.95.112.1,TCP,56548,80,Unknown,ðŸš¨ Possible Port Scan Detected!
208.95.112.1,192.168.1.5,TCP,80,56546,"âœ… Normal IP - ISP: Total Uptime Technologies, LLC, Country: United States",ðŸš¨ Possible DDoS Attack Detected!
192.168.1.5,208.95.112.1,TCP,56546,80,Unknown,ðŸš¨ Possible Port Scan Detected!
208.95.112.1,192.168.1.5,TCP,80,56548,"âœ… Normal IP - ISP: Total Uptime Technologies, LLC, Country: United States",ðŸš¨ Possible DDoS Attack Detected!
192.168.1.5,208.95.112.1,TCP,56548,80,Unknown,ðŸš¨ Possible Port Scan Detected!
192.168.1.5,208.95.112.1,TCP,56548,80,Unknown,ðŸš¨ Possible Port Scan Detected!
208.95.112.1,192.168.1.5,TCP,80,56548,"âœ… Normal IP - ISP: Total Uptime Technologies, LLC, Country: United States",ðŸš¨ Possible DDoS Attack Detected!
192.168.1.5,208.95.112.1,TCP,56548,80,Unknown,ðŸš¨ Possible Port Scan Detected!
192.168.1.5,208.95.112.1,TCP,56548,80,Unknown,ðŸš¨ Possible Port Scan Detected!
192.168.1.5,208.95.112.1,TCP,56549,80,Unknown,ðŸš¨ Possible Port Scan Detected!
208.95.112.1,192.168.1.5,TCP,80,56549,"âœ… Normal IP - ISP: Total Uptime Technologies, LLC, Country: United States",ðŸš¨ Possible DDoS Attack Detected!
192.168.1.5,208.95.112.1,TCP,56549,80,Unknown,ðŸš¨ Possible Port Scan Detected!
192.168.1.5,208.95.112.1,TCP,56549,80,Unknown,ðŸš¨ Possible Port Scan Detected!
208.95.112.1,192.168.1.5,TCP,80,56548,"âœ… Normal IP - ISP: Total Uptime Technologies, LLC, Country: United States",ðŸš¨ Possible DDoS Attack Detected!
192.168.1.5,208.95.112.1,TCP,56548,80,Unknown,ðŸš¨ Possible Port Scan Detected!
208.95.112.1,192.168.1.5,TCP,80,56549,"âœ… Normal IP - ISP: Total Uptime Technologies, LLC, Country: United States",ðŸš¨ Possible DDoS Attack Detected!
192.168.1.5,208.95.112.1,TCP,56549,80,Unknown,ðŸš¨ Possible Port Scan Detected!
192.168.1.5,208.95.112.1,TCP,56549,80,Unknown,ðŸš¨ Possible Port Scan Detected!
192.168.1.5,208.95.112.1,TCP,56550,80,Unknown,ðŸš¨ Possible Port Scan Detected!
208.95.112.1,192.168.1.5,TCP,80,56549,"âœ… Normal IP - ISP: Total Uptime Technologies, LLC, Country: United States",ðŸš¨ Possible DDoS Attack Detected!
208.95.112.1,192.168.1.5,TCP,80,56550,"âœ… Normal IP - ISP: Total Uptime Technologies, LLC, Country: United States",ðŸš¨ Possible DDoS Attack Detected!
192.168.1.5,208.95.112.1,TCP,56549,80,Unknown,ðŸš¨ Possible Port Scan Detected!
192.168.1.5,208.95.112.1,TCP,56550,80,Unknown,ðŸš¨ Possible Port Scan Detected!
192.168.1.5,208.95.112.1,TCP,56550,80,Unknown,ðŸš¨ Possible Port Scan Detected!
208.95.112.1,192.168.1.5,TCP,80,56550,Error,ðŸš¨ Possible DDoS Attack Detected!
192.168.1.5,208.95.112.1,TCP,56550,80,Unknown,ðŸš¨ Possible Port Scan Detected!
192.168.1.5,208.95.112.1,TCP,56550,80,Unknown,ðŸš¨ Possible Port Scan Detected!
192.168.1.5,208.95.112.1,TCP,56551,80,Unknown,ðŸš¨ Possible Port Scan Detected!
208.95.112.1,192.168.1.5,TCP,80,56550,"âœ… Normal IP - ISP: Total Uptime Technologies, LLC, Country: United States",ðŸš¨ Possible DDoS Attack Detected!
192.168.1.5,208.95.112.1,TCP,56550,80,Error,ðŸš¨ Possible Port Scan Detected!
192.168.1.5,208.95.112.1,TCP,56551,80,Error,ðŸš¨ Possible Port Scan Detected!
192.168.1.5,208.95.112.1,TCP,56580,80,Unknown,ðŸš¨ Possible Port Scan Detected!
208.95.112.1,192.168.1.5,TCP,80,56579,"âœ… Normal IP - ISP: Total Uptime Technologies, LLC, Country: United States",ðŸš¨ Possible DDoS Attack Detected!
192.168.1.5,208.95.112.1,TCP,56579,80,Unknown,ðŸš¨ Possible Port Scan Detected!
208.95.112.1,192.168.1.5,TCP,80,56580,"âœ… Normal IP - ISP: Total Uptime Technologies, LLC, Country: United States",ðŸš¨ Possible DDoS Attack Detected!
192.168.1.5,208.95.112.1,TCP,56580,80,Unknown,ðŸš¨ Possible Port Scan Detected!
192.168.1.5,208.95.112.1,TCP,56580,80,Error,ðŸš¨ Possible Port Scan Detected!
192.168.1.5,208.95.112.1,TCP,56580,80,Error,ðŸš¨ Possible Port Scan Detected!
208.95.112.1,192.168.1.5,TCP,80,56580,"âœ… Normal IP - ISP: Total Uptime Technologies, LLC, Country: United States",ðŸš¨ Possible DDoS Attack Detected!
192.168.1.5,208.95.112.1,TCP,56580,80,Error,ðŸš¨ Possible Port Scan Detected!
192.168.1.5,208.95.112.1,TCP,56580,80,Unknown,ðŸš¨ Possible Port Scan Detected!
192.168.1.5,208.95.112.1,TCP,56581,80,Unknown,ðŸš¨ Possible Port Scan Detected!
208.95.112.1,192.168.1.5,TCP,80,56581,"âœ… Normal IP - ISP: Total Uptime Technologies, LLC, Country: United States",ðŸš¨ Possible DDoS Attack Detected!
192.168.1.5,208.95.112.1,TCP,56581,80,Unknown,ðŸš¨ Possible Port Scan Detected!
192.168.1.5,208.95.112.1,TCP,56581,80,Unknown,ðŸš¨ Possible Port Scan Detected!
208.95.112.1,192.168.1.5,TCP,80,56580,"âœ… Normal IP - ISP: Total Uptime Technologies, LLC, Country: United States",ðŸš¨ Possible DDoS Attack Detected!
208.95.112.1,192.168.1.5,TCP,80,56580,"âœ… Normal IP - ISP: Total Uptime Technologies, LLC, Country: United States",ðŸš¨ Possible DDoS Attack Detected!
192.168.1.5,208.95.112.1,TCP,56580,80,Unknown,ðŸš¨ Possible Port Scan Detected!
208.95.112.1,192.168.1.5,TCP,80,56581,"âœ… Normal IP - ISP: Total Uptime Technologies, LLC, Country: United States",ðŸš¨ Possible DDoS Attack Detected!
192.168.1.5,208.95.112.1,TCP,56581,80,Unknown,ðŸš¨ Possible Port Scan Detected!
192.168.1.5,208.95.112.1,TCP,56581,80,Unknown,ðŸš¨ Possible Port Scan Detected!
192.168.1.5,208.95.112.1,TCP,56582,80,Unknown,ðŸš¨ Possible Port Scan Detected!
208.95.112.1,192.168.1.5,TCP,80,56581,"âœ… Normal IP - ISP: Total Uptime Technologies, LLC, Country: United States",ðŸš¨ Possible DDoS Attack Detected!
208.95.112.1,192.168.1.5,TCP,80,56582,"âœ… Normal IP - ISP: Total Uptime Technologies, LLC, Country: United States",ðŸš¨ Possible DDoS Attack Detected!
192.168.1.5,208.95.112.1,TCP,56581,80,Unknown,ðŸš¨ Possible Port Scan Detected!
192.168.1.5,208.95.112.1,TCP,56582,80,Unknown,ðŸš¨ Possible Port Scan Detected!
192.168.1.5,208.95.112.1,TCP,56582,80,Unknown,ðŸš¨ Possible Port Scan Detected!
208.95.112.1,192.168.1.5,TCP,80,56582,"âœ… Normal IP - ISP: Total Uptime Technologies, LLC, Country: United States",ðŸš¨ Possible DDoS Attack Detected!
192.168.1.5,208.95.112.1,TCP,56582,80,Unknown,ðŸš¨ Possible Port Scan Detected!
192.168.1.5,208.95.112.1,TCP,56582,80,Unknown,ðŸš¨ Possible Port Scan Detected!
192.168.1.5,208.95.112.1,TCP,56583,80,Unknown,ðŸš¨ Possible Port Scan Detected!
192.168.1.1,192.168.1.255,UDP,40836,9995,Unknown,None
192.168.1.5,208.95.112.1,TCP,56582,80,Unknown,ðŸš¨ Possible Port Scan Detected!
192.168.1.5,208.95.112.1,TCP,56583,80,Unknown,ðŸš¨ Possible Port Scan Detected!
208.95.112.1,192.168.1.5,TCP,80,56582,"âœ… Normal IP - ISP: Total Uptime Technologies, LLC, Country: United States",ðŸš¨ Possible DDoS Attack Detected!
208.95.112.1,192.168.1.5,TCP,80,56583,"âœ… Normal IP - ISP: Total Uptime Technologies, LLC, Country: United States",ðŸš¨ Possible DDoS Attack Detected!
208.95.112.1,192.168.1.5,TCP,80,56582,"âœ… Normal IP - ISP: Total Uptime Technologies, LLC, Country: United States",ðŸš¨ Possible DDoS Attack Detected!
192.168.1.5,208.95.112.1,TCP,56583,80,Unknown,ðŸš¨ Possible Port Scan Detected!
192.168.1.5,208.95.112.1,TCP,56583,80,Unknown,ðŸš¨ Possible Port Scan Detected!
192.168.1.5,208.95.112.1,TCP,56582,80,Unknown,ðŸš¨ Possible Port Scan Detected!
192.168.1.5,208.95.112.1,TCP,56583,80,Unknown,ðŸš¨ Possible Port Scan Detected!
208.95.112.1,192.168.1.5,TCP,80,56583,"âœ… Normal IP - ISP: Total Uptime Technologies, LLC, Country: United States",ðŸš¨ Possible DDoS Attack Detected!
192.168.1.5,208.95.112.1,TCP,56583,80,Unknown,ðŸš¨ Possible Port Scan Detected!
192.168.1.5,208.95.112.1,TCP,56583,80,Unknown,ðŸš¨ Possible Port Scan Detected!
192.168.1.5,208.95.112.1,TCP,56584,80,Unknown,ðŸš¨ Possible Port Scan Detected!
208.95.112.1,192.168.1.5,TCP,80,56583,"âœ… Normal IP - ISP: Total Uptime Technologies, LLC, Country: United States",ðŸš¨ Possible DDoS Attack Detected!
208.95.112.1,192.168.1.5,TCP,80,56583,"âœ… Normal IP - ISP: Total Uptime Technologies, LLC, Country: United States",ðŸš¨ Possible DDoS Attack Detected!
192.168.1.5,208.95.112.1,TCP,56583,80,Unknown,ðŸš¨ Possible Port Scan Detected!
208.95.112.1,192.168.1.5,TCP,80,56584,"âœ… Normal IP - ISP: Total Uptime Technologies, LLC, Country: United States",ðŸš¨ Possible DDoS Attack Detected!
192.168.1.5,208.95.112.1,TCP,56584,80,Unknown,ðŸš¨ Possible Port Scan Detected!
192.168.1.5,208.95.112.1,TCP,56584,80,Unknown,ðŸš¨ Possible Port Scan Detected!
208.95.112.1,192.168.1.5,TCP,80,56584,"âœ… Normal IP - ISP: Total Uptime Technologies, LLC, Country: United States",ðŸš¨ Possible DDoS Attack Detected!
192.168.1.5,208.95.112.1,TCP,56584,80,Unknown,ðŸš¨ Possible Port Scan Detected!
192.168.1.5,208.95.112.1,TCP,56584,80,Error,ðŸš¨ Possible Port Scan Detected!
192.168.1.5,208.95.112.1,TCP,56585,80,Unknown,ðŸš¨ Possible Port Scan Detected!
208.95.112.1,192.168.1.5,TCP,80,56584,"âœ… Normal IP - ISP: Total Uptime Technologies, LLC, Country: United States",ðŸš¨ Possible DDoS Attack Detected!
192.168.1.5,208.95.112.1,TCP,56584,80,Unknown,ðŸš¨ Possible Port Scan Detected!
208.95.112.1,192.168.1.5,TCP,80,56585,"âœ… Normal IP - ISP: Total Uptime Technologies, LLC, Country: United States",ðŸš¨ Possible DDoS Attack Detected!
192.168.1.5,208.95.112.1,TCP,56585,80,Unknown,ðŸš¨ Possible Port Scan Detected!
192.168.1.5,208.95.112.1,TCP,56585,80,Unknown,ðŸš¨ Possible Port Scan Detected!
208.95.112.1,192.168.1.5,TCP,80,56585,"âœ… Normal IP - ISP: Total Uptime Technologies, LLC, Country: United States",ðŸš¨ Possible DDoS Attack Detected!
192.168.1.5,208.95.112.1,TCP,56585,80,Unknown,ðŸš¨ Possible Port Scan Detected!
192.168.1.5,208.95.112.1,TCP,56585,80,Unknown,ðŸš¨ Possible Port Scan Detected!
192.168.1.5,208.95.112.1,TCP,56586,80,Unknown,ðŸš¨ Possible Port Scan Detected!
208.95.112.1,192.168.1.5,TCP,80,56585,"âœ… Normal IP - ISP: Total Uptime Technologies, LLC, Country: United States",ðŸš¨ Possible DDoS Attack Detected!
208.95.112.1,192.168.1.5,TCP,80,56586,"âœ… Normal IP - ISP: Total Uptime Technologies, LLC, Country: United States",ðŸš¨ Possible DDoS Attack Detected!
192.168.1.5,208.95.112.1,TCP,56585,80,Unknown,ðŸš¨ Possible Port Scan Detected!
192.168.1.5,208.95.112.1,TCP,56586,80,Unknown,ðŸš¨ Possible Port Scan Detected!
192.168.1.5,208.95.112.1,TCP,56586,80,Unknown,ðŸš¨ Possible Port Scan Detected!
208.95.112.1,192.168.1.5,TCP,80,56586,"âœ… Normal IP - ISP: Total Uptime Technologies, LLC, Country: United States",ðŸš¨ Possible DDoS Attack Detected!
192.168.1.5,208.95.112.1,TCP,56586,80,Unknown,ðŸš¨ Possible Port Scan Detected!
192.168.1.5,208.95.112.1,TCP,56586,80,Unknown,ðŸš¨ Possible Port Scan Detected!
192.168.1.5,208.95.112.1,TCP,56587,80,Unknown,ðŸš¨ Possible Port Scan Detected!
208.95.112.1,192.168.1.5,TCP,80,56586,"âœ… Normal IP - ISP: Total Uptime Technologies, LLC, Country: United States",ðŸš¨ Possible DDoS Attack Detected!
192.168.1.5,208.95.112.1,TCP,56586,80,Unknown,ðŸš¨ Possible Port Scan Detected!
208.95.112.1,192.168.1.5,TCP,80,56587,"âœ… Normal IP - ISP: Total Uptime Technologies, LLC, Country: United States",ðŸš¨ Possible DDoS Attack Detected!
192.168.1.5,208.95.112.1,TCP,56587,80,Unknown,ðŸš¨ Possible Port Scan Detected!
192.168.1.5,208.95.112.1,TCP,56587,80,Unknown,ðŸš¨ Possible Port Scan Detected!
208.95.112.1,192.168.1.5,TCP,80,56587,"âœ… Normal IP - ISP: Total Uptime Technologies, LLC, Country: United States",ðŸš¨ Possible DDoS Attack Detected!
192.168.1.5,208.95.112.1,TCP,56587,80,Unknown,ðŸš¨ Possible Port Scan Detected!
192.168.1.5,208.95.112.1,TCP,56587,80,Unknown,ðŸš¨ Possible Port Scan Detected!
192.168.1.5,208.95.112.1,TCP,56588,80,Unknown,ðŸš¨ Possible Port Scan Detected!
208.95.112.1,192.168.1.5,TCP,80,56587,"âœ… Normal IP - ISP: Total Uptime Technologies, LLC, Country: United States",ðŸš¨ Possible DDoS Attack Detected!
208.95.112.1,192.168.1.5,TCP,80,56588,"âœ… Normal IP - ISP: Total Uptime Technologies, LLC, Country: United States",ðŸš¨ Possible DDoS Attack Detected!
192.168.1.5,208.95.112.1,TCP,56587,80,Unknown,ðŸš¨ Possible Port Scan Detected!
192.168.1.5,208.95.112.1,TCP,56588,80,Unknown,ðŸš¨ Possible Port Scan Detected!
192.168.1.5,208.95.112.1,TCP,56588,80,Unknown,ðŸš¨ Possible Port Scan Detected!
208.95.112.1,192.168.1.5,TCP,80,56588,"âœ… Normal IP - ISP: Total Uptime Technologies, LLC, Country: United States",ðŸš¨ Possible DDoS Attack Detected!
192.168.1.5,208.95.112.1,TCP,56588,80,Unknown,ðŸš¨ Possible Port Scan Detected!
192.168.1.5,208.95.112.1,TCP,56588,80,Unknown,ðŸš¨ Possible Port Scan Detected!
192.168.1.5,208.95.112.1,TCP,56589,80,Unknown,ðŸš¨ Possible Port Scan Detected!
208.95.112.1,192.168.1.5,TCP,80,56589,"âœ… Normal IP - ISP: Total Uptime Technologies, LLC, Country: United States",ðŸš¨ Possible DDoS Attack Detected!
192.168.1.5,208.95.112.1,TCP,56589,80,Unknown,ðŸš¨ Possible Port Scan Detected!
192.168.1.5,208.95.112.1,TCP,56589,80,Unknown,ðŸš¨ Possible Port Scan Detected!
208.95.112.1,192.168.1.5,TCP,80,56588,"âœ… Normal IP - ISP: Total Uptime Technologies, LLC, Country: United States",ðŸš¨ Possible DDoS Attack Detected!
192.168.1.5,208.95.112.1,TCP,56588,80,Unknown,ðŸš¨ Possible Port Scan Detected!
192.168.1.4,224.0.0.251,UDP,5353,5353,Unknown,None
208.95.112.1,192.168.1.5,TCP,80,56589,"âœ… Normal IP - ISP: Total Uptime Technologies, LLC, Country: United States",ðŸš¨ Possible DDoS Attack Detected!
192.168.1.5,208.95.112.1,TCP,56589,80,Unknown,ðŸš¨ Possible Port Scan Detected!
192.168.1.5,208.95.112.1,TCP,56589,80,Error,ðŸš¨ Possible Port Scan Detected!
192.168.1.5,208.95.112.1,TCP,56590,80,Unknown,ðŸš¨ Possible Port Scan Detected!
208.95.112.1,192.168.1.5,TCP,80,56589,"âœ… Normal IP - ISP: Total Uptime Technologies, LLC, Country: United States",ðŸš¨ Possible DDoS Attack Detected!
208.95.112.1,192.168.1.5,TCP,80,56590,"âœ… Normal IP - ISP: Total Uptime Technologies, LLC, Country: United States",ðŸš¨ Possible DDoS Attack Detected!
192.168.1.5,208.95.112.1,TCP,56589,80,Unknown,ðŸš¨ Possible Port Scan Detected!
192.168.1.5,208.95.112.1,TCP,56590,80,Unknown,ðŸš¨ Possible Port Scan Detected!
192.168.1.5,208.95.112.1,TCP,56590,80,Unknown,ðŸš¨ Possible Port Scan Detected!
208.95.112.1,192.168.1.5,TCP,80,56590,"âœ… Normal IP - ISP: Total Uptime Technologies, LLC, Country: United States",ðŸš¨ Possible DDoS Attack Detected!
192.168.1.5,208.95.112.1,TCP,56590,80,Unknown,ðŸš¨ Possible Port Scan Detected!
192.168.1.5,208.95.112.1,TCP,56590,80,Unknown,ðŸš¨ Possible Port Scan Detected!
192.168.1.5,208.95.112.1,TCP,56591,80,Unknown,ðŸš¨ Possible Port Scan Detected!
208.95.112.1,192.168.1.5,TCP,80,56590,"âœ… Normal IP - ISP: Total Uptime Technologies, LLC, Country: United States",ðŸš¨ Possible DDoS Attack Detected!
192.168.1.5,208.95.112.1,TCP,56590,80,Unknown,ðŸš¨ Possible Port Scan Detected!
208.95.112.1,192.168.1.5,TCP,80,56591,"âœ… Normal IP - ISP: Total Uptime Technologies, LLC, Country: United States",ðŸš¨ Possible DDoS Attack Detected!
192.168.1.1,224.0.0.1,Other,N/A,N/A,Unknown,None
192.168.1.5,208.95.112.1,TCP,56591,80,Unknown,ðŸš¨ Possible Port Scan Detected!
192.168.1.5,208.95.112.1,TCP,56591,80,Unknown,ðŸš¨ Possible Port Scan Detected!
192.168.1.1,224.0.0.1,Other,N/A,N/A,Unknown,None
192.168.1.1,224.0.0.1,Other,N/A,N/A,Unknown,None
208.95.112.1,192.168.1.5,TCP,80,56591,"âœ… Normal IP - ISP: Total Uptime Technologies, LLC, Country: United States",ðŸš¨ Possible DDoS Attack Detected!
192.168.1.5,208.95.112.1,TCP,56591,80,Unknown,ðŸš¨ Possible Port Scan Detected!
192.168.1.5,208.95.112.1,TCP,56591,80,Unknown,ðŸš¨ Possible Port Scan Detected!
192.168.1.5,208.95.112.1,TCP,56592,80,Unknown,ðŸš¨ Possible Port Scan Detected!
208.95.112.1,192.168.1.5,TCP,80,56591,"âœ… Normal IP - ISP: Total Uptime Technologies, LLC, Country: United States",ðŸš¨ Possible DDoS Attack Detected!
192.168.1.5,208.95.112.1,TCP,56591,80,Unknown,ðŸš¨ Possible Port Scan Detected!
208.95.112.1,192.168.1.5,TCP,80,56592,"âœ… Normal IP - ISP: Total Uptime Technologies, LLC, Country: United States",ðŸš¨ Possible DDoS Attack Detected!
192.168.1.5,208.95.112.1,TCP,56592,80,Unknown,ðŸš¨ Possible Port Scan Detected!
192.168.1.5,208.95.112.1,TCP,56592,80,Unknown,ðŸš¨ Possible Port Scan Detected!
208.95.112.1,192.168.1.5,TCP,80,56592,"âœ… Normal IP - ISP: Total Uptime Technologies, LLC, Country: United States",ðŸš¨ Possible DDoS Attack Detected!
192.168.1.5,208.95.112.1,TCP,56592,80,Unknown,ðŸš¨ Possible Port Scan Detected!
192.168.1.5,208.95.112.1,TCP,56592,80,Unknown,ðŸš¨ Possible Port Scan Detected!
192.168.1.5,208.95.112.1,TCP,56593,80,Unknown,ðŸš¨ Possible Port Scan Detected!
208.95.112.1,192.168.1.5,TCP,80,56592,"âœ… Normal IP - ISP: Total Uptime Technologies, LLC, Country: United States",ðŸš¨ Possible DDoS Attack Detected!
208.95.112.1,192.168.1.5,TCP,80,56593,"âœ… Normal IP - ISP: Total Uptime Technologies, LLC, Country: United States",ðŸš¨ Possible DDoS Attack Detected!
192.168.1.5,208.95.112.1,TCP,56592,80,Unknown,ðŸš¨ Possible Port Scan Detected!
192.168.1.5,208.95.112.1,TCP,56593,80,Unknown,ðŸš¨ Possible Port Scan Detected!
192.168.1.5,208.95.112.1,TCP,56593,80,Unknown,ðŸš¨ Possible Port Scan Detected!
208.95.112.1,192.168.1.5,TCP,80,56593,"âœ… Normal IP - ISP: Total Uptime Technologies, LLC, Country: United States",ðŸš¨ Possible DDoS Attack Detected!
192.168.1.5,208.95.112.1,TCP,56593,80,Unknown,ðŸš¨ Possible Port Scan Detected!
192.168.1.5,208.95.112.1,TCP,56593,80,Unknown,ðŸš¨ Possible Port Scan Detected!
192.168.1.5,208.95.112.1,TCP,56594,80,Unknown,ðŸš¨ Possible Port Scan Detected!
208.95.112.1,192.168.1.5,TCP,80,56593,"âœ… Normal IP - ISP: Total Uptime Technologies, LLC, Country: United States",ðŸš¨ Possible DDoS Attack Detected!
192.168.1.5,208.95.112.1,TCP,56593,80,Unknown,ðŸš¨ Possible Port Scan Detected!
208.95.112.1,192.168.1.5,TCP,80,56594,"âœ… Normal IP - ISP: Total Uptime Technologies, LLC, Country: United States",ðŸš¨ Possible DDoS Attack Detected!
192.168.1.5,208.95.112.1,TCP,56594,80,Unknown,ðŸš¨ Possible Port Scan Detected!
192.168.1.5,208.95.112.1,TCP,56594,80,Unknown,ðŸš¨ Possible Port Scan Detected!
208.95.112.1,192.168.1.5,TCP,80,56594,Error,ðŸš¨ Possible DDoS Attack Detected!
192.168.1.5,208.95.112.1,TCP,56594,80,Error,ðŸš¨ Possible Port Scan Detected!
192.168.1.5,208.95.112.1,TCP,56594,80,Error,ðŸš¨ Possible Port Scan Detected!
192.168.1.5,208.95.112.1,TCP,56595,80,Unknown,ðŸš¨ Possible Port Scan Detected!
208.95.112.1,192.168.1.5,TCP,80,56595,"âœ… Normal IP - ISP: Total Uptime Technologies, LLC, Country: United States",ðŸš¨ Possible DDoS Attack Detected!
208.95.112.1,192.168.1.5,TCP,80,56594,"âœ… Normal IP - ISP: Total Uptime Technologies, LLC, Country: United States",ðŸš¨ Possible DDoS Attack Detected!
192.168.1.5,208.95.112.1,TCP,56595,80,Unknown,ðŸš¨ Possible Port Scan Detected!
192.168.1.5,208.95.112.1,TCP,56595,80,Unknown,ðŸš¨ Possible Port Scan Detected!
192.168.1.5,208.95.112.1,TCP,56594,80,Unknown,ðŸš¨ Possible Port Scan Detected!
208.95.112.1,192.168.1.5,TCP,80,56595,"âœ… Normal IP - ISP: Total Uptime Technologies, LLC, Country: United States",ðŸš¨ Possible DDoS Attack Detected!
192.168.1.5,208.95.112.1,TCP,56595,80,Unknown,ðŸš¨ Possible Port Scan Detected!
192.168.1.5,208.95.112.1,TCP,56595,80,Unknown,ðŸš¨ Possible Port Scan Detected!
192.168.1.5,208.95.112.1,TCP,56596,80,Unknown,ðŸš¨ Possible Port Scan Detected!
192.168.1.1,192.168.1.255,UDP,40836,9995,Unknown,None
208.95.112.1,192.168.1.5,TCP,80,56595,"âœ… Normal IP - ISP: Total Uptime Technologies, LLC, Country: United States",ðŸš¨ Possible DDoS Attack Detected!
192.168.1.5,208.95.112.1,TCP,56595,80,Unknown,ðŸš¨ Possible Port Scan Detected!
208.95.112.1,192.168.1.5,TCP,80,56596,"âœ… Normal IP - ISP: Total Uptime Technologies, LLC, Country: United States",ðŸš¨ Possible DDoS Attack Detected!
192.168.1.5,208.95.112.1,TCP,56596,80,Unknown,ðŸš¨ Possible Port Scan Detected!
192.168.1.5,208.95.112.1,TCP,56596,80,Unknown,ðŸš¨ Possible Port Scan Detected!
208.95.112.1,192.168.1.5,TCP,80,56596,"âœ… Normal IP - ISP: Total Uptime Technologies, LLC, Country: United States",ðŸš¨ Possible DDoS Attack Detected!
192.168.1.5,208.95.112.1,TCP,56596,80,Unknown,ðŸš¨ Possible Port Scan Detected!
192.168.1.5,208.95.112.1,TCP,56596,80,Unknown,ðŸš¨ Possible Port Scan Detected!
192.168.1.5,208.95.112.1,TCP,56597,80,Unknown,ðŸš¨ Possible Port Scan Detected!
208.95.112.1,192.168.1.5,TCP,80,56596,"âœ… Normal IP - ISP: Total Uptime Technologies, LLC, Country: United States",ðŸš¨ Possible DDoS Attack Detected!
208.95.112.1,192.168.1.5,TCP,80,56597,"âœ… Normal IP - ISP: Total Uptime Technologies, LLC, Country: United States",ðŸš¨ Possible DDoS Attack Detected!
192.168.1.5,208.95.112.1,TCP,56596,80,Unknown,ðŸš¨ Possible Port Scan Detected!
192.168.1.5,208.95.112.1,TCP,56597,80,Unknown,ðŸš¨ Possible Port Scan Detected!
192.168.1.5,208.95.112.1,TCP,56597,80,Unknown,ðŸš¨ Possible Port Scan Detected!
208.95.112.1,192.168.1.5,TCP,80,56597,"âœ… Normal IP - ISP: Total Uptime Technologies, LLC, Country: United States",ðŸš¨ Possible DDoS Attack Detected!
192.168.1.5,208.95.112.1,TCP,56597,80,Unknown,ðŸš¨ Possible Port Scan Detected!
192.168.1.5,208.95.112.1,TCP,56597,80,Unknown,ðŸš¨ Possible Port Scan Detected!
192.168.1.5,208.95.112.1,TCP,56598,80,Unknown,ðŸš¨ Possible Port Scan Detected!
208.95.112.1,192.168.1.5,TCP,80,56598,"âœ… Normal IP - ISP: Total Uptime Technologies, LLC, Country: United States",ðŸš¨ Possible DDoS Attack Detected!
192.168.1.5,208.95.112.1,TCP,56598,80,Unknown,ðŸš¨ Possible Port Scan Detected!
192.168.1.5,208.95.112.1,TCP,56598,80,Unknown,ðŸš¨ Possible Port Scan Detected!
208.95.112.1,192.168.1.5,TCP,80,56597,"âœ… Normal IP - ISP: Total Uptime Technologies, LLC, Country: United States",ðŸš¨ Possible DDoS Attack Detected!
192.168.1.5,208.95.112.1,TCP,56597,80,Unknown,ðŸš¨ Possible Port Scan Detected!
208.95.112.1,192.168.1.5,TCP,80,56598,"âœ… Normal IP - ISP: Total Uptime Technologies, LLC, Country: United States",ðŸš¨ Possible DDoS Attack Detected!
192.168.1.5,208.95.112.1,TCP,56598,80,Unknown,ðŸš¨ Possible Port Scan Detected!
192.168.1.5,208.95.112.1,TCP,56598,80,Unknown,ðŸš¨ Possible Port Scan Detected!
192.168.1.5,208.95.112.1,TCP,56599,80,Unknown,ðŸš¨ Possible Port Scan Detected!
208.95.112.1,192.168.1.5,TCP,80,56598,"âœ… Normal IP - ISP: Total Uptime Technologies, LLC, Country: United States",ðŸš¨ Possible DDoS Attack Detected!
192.168.1.5,208.95.112.1,TCP,56598,80,Unknown,ðŸš¨ Possible Port Scan Detected!
208.95.112.1,192.168.1.5,TCP,80,56599,"âœ… Normal IP - ISP: Total Uptime Technologies, LLC, Country: United States",ðŸš¨ Possible DDoS Attack Detected!
192.168.1.5,208.95.112.1,TCP,56599,80,Unknown,ðŸš¨ Possible Port Scan Detected!
192.168.1.5,208.95.112.1,TCP,56599,80,Unknown,ðŸš¨ Possible Port Scan Detected!
208.95.112.1,192.168.1.5,TCP,80,56599,"âœ… Normal IP - ISP: Total Uptime Technologies, LLC, Country: United States",ðŸš¨ Possible DDoS Attack Detected!
192.168.1.5,208.95.112.1,TCP,56599,80,Unknown,ðŸš¨ Possible Port Scan Detected!
192.168.1.5,208.95.112.1,TCP,56599,80,Error,ðŸš¨ Possible Port Scan Detected!
192.168.1.5,208.95.112.1,TCP,56600,80,Error,ðŸš¨ Possible Port Scan Detected!
208.95.112.1,192.168.1.5,TCP,80,56599,"âœ… Normal IP - ISP: Total Uptime Technologies, LLC, Country: United States",ðŸš¨ Possible DDoS Attack Detected!
192.168.1.5,208.95.112.1,TCP,56599,80,Unknown,ðŸš¨ Possible Port Scan Detected!
208.95.112.1,192.168.1.5,TCP,80,56600,"âœ… Normal IP - ISP: Total Uptime Technologies, LLC, Country: United States",ðŸš¨ Possible DDoS Attack Detected!
192.168.1.5,208.95.112.1,TCP,56600,80,Error,ðŸš¨ Possible Port Scan Detected!
192.168.1.5,208.95.112.1,TCP,56600,80,Error,ðŸš¨ Possible Port Scan Detected!
208.95.112.1,192.168.1.5,TCP,80,56600,Error,ðŸš¨ Possible DDoS Attack Detected!
208.95.112.1,192.168.1.5,TCP,80,56600,Error,ðŸš¨ Possible DDoS Attack Detected!
192.168.1.5,208.95.112.1,TCP,56600,80,Unknown,ðŸš¨ Possible Port Scan Detected!
192.168.1.5,208.95.112.1,TCP,56600,80,Unknown,ðŸš¨ Possible Port Scan Detected!
192.168.1.5,208.95.112.1,TCP,56601,80,Unknown,ðŸš¨ Possible Port Scan Detected!
208.95.112.1,192.168.1.5,TCP,80,56601,"âœ… Normal IP - ISP: Total Uptime Technologies, LLC, Country: United States",ðŸš¨ Possible DDoS Attack Detected!
208.95.112.1,192.168.1.5,TCP,80,56600,"âœ… Normal IP - ISP: Total Uptime Technologies, LLC, Country: United States",ðŸš¨ Possible DDoS Attack Detected!
192.168.1.5,208.95.112.1,TCP,56601,80,Unknown,ðŸš¨ Possible Port Scan Detected!
192.168.1.5,208.95.112.1,TCP,56601,80,Unknown,ðŸš¨ Possible Port Scan Detected!
192.168.1.5,208.95.112.1,TCP,56600,80,Unknown,ðŸš¨ Possible Port Scan Detected!
208.95.112.1,192.168.1.5,TCP,80,56601,"âœ… Normal IP - ISP: Total Uptime Technologies, LLC, Country: United States",ðŸš¨ Possible DDoS Attack Detected!
192.168.1.5,208.95.112.1,TCP,56601,80,Error,ðŸš¨ Possible Port Scan Detected!
192.168.1.5,208.95.112.1,TCP,56601,80,Unknown,ðŸš¨ Possible Port Scan Detected!
192.168.1.5,208.95.112.1,TCP,56602,80,Unknown,ðŸš¨ Possible Port Scan Detected!
208.95.112.1,192.168.1.5,TCP,80,56602,"âœ… Normal IP - ISP: Total Uptime Technologies, LLC, Country: United States",ðŸš¨ Possible DDoS Attack Detected!
208.95.112.1,192.168.1.5,TCP,80,56601,"âœ… Normal IP - ISP: Total Uptime Technologies, LLC, Country: United States",ðŸš¨ Possible DDoS Attack Detected!
192.168.1.5,208.95.112.1,TCP,56602,80,Unknown,ðŸš¨ Possible Port Scan Detected!
192.168.1.5,208.95.112.1,TCP,56601,80,Unknown,ðŸš¨ Possible Port Scan Detected!
192.168.1.5,208.95.112.1,TCP,56602,80,Unknown,ðŸš¨ Possible Port Scan Detected!
208.95.112.1,192.168.1.5,TCP,80,56602,"âœ… Normal IP - ISP: Total Uptime Technologies, LLC, Country: United States",ðŸš¨ Possible DDoS Attack Detected!
192.168.1.5,208.95.112.1,TCP,56602,80,Unknown,ðŸš¨ Possible Port Scan Detected!
192.168.1.5,208.95.112.1,TCP,56602,80,Unknown,ðŸš¨ Possible Port Scan Detected!
192.168.1.5,208.95.112.1,TCP,56603,80,Unknown,ðŸš¨ Possible Port Scan Detected!
208.95.112.1,192.168.1.5,TCP,80,56603,"âœ… Normal IP - ISP: Total Uptime Technologies, LLC, Country: United States",ðŸš¨ Possible DDoS Attack Detected!
192.168.1.5,208.95.112.1,TCP,56603,80,Unknown,ðŸš¨ Possible Port Scan Detected!
192.168.1.5,208.95.112.1,TCP,56603,80,Unknown,ðŸš¨ Possible Port Scan Detected!
208.95.112.1,192.168.1.5,TCP,80,56602,"âœ… Normal IP - ISP: Total Uptime Technologies, LLC, Country: United States",ðŸš¨ Possible DDoS Attack Detected!
192.168.1.5,208.95.112.1,TCP,56602,80,Unknown,ðŸš¨ Possible Port Scan Detected!
208.95.112.1,192.168.1.5,TCP,80,56603,"âœ… Normal IP - ISP: Total Uptime Technologies, LLC, Country: United States",ðŸš¨ Possible DDoS Attack Detected!
192.168.1.5,208.95.112.1,TCP,56603,80,Unknown,ðŸš¨ Possible Port Scan Detected!
192.168.1.5,208.95.112.1,TCP,56603,80,Unknown,ðŸš¨ Possible Port Scan Detected!
192.168.1.5,208.95.112.1,TCP,56604,80,Unknown,ðŸš¨ Possible Port Scan Detected!
208.95.112.1,192.168.1.5,TCP,80,56603,"âœ… Normal IP - ISP: Total Uptime Technologies, LLC, Country: United States",ðŸš¨ Possible DDoS Attack Detected!
208.95.112.1,192.168.1.5,TCP,80,56604,"âœ… Normal IP - ISP: Total Uptime Technologies, LLC, Country: United States",ðŸš¨ Possible DDoS Attack Detected!
192.168.1.5,208.95.112.1,TCP,56603,80,Unknown,ðŸš¨ Possible Port Scan Detected!
192.168.1.5,208.95.112.1,TCP,56604,80,Unknown,ðŸš¨ Possible Port Scan Detected!
192.168.1.5,208.95.112.1,TCP,56604,80,Error,ðŸš¨ Possible Port Scan Detected!
208.95.112.1,192.168.1.5,TCP,80,56604,"âœ… Normal IP - ISP: Total Uptime Technologies, LLC, Country: United States",ðŸš¨ Possible DDoS Attack Detected!
192.168.1.5,208.95.112.1,TCP,56604,80,Error,ðŸš¨ Possible Port Scan Detected!
192.168.1.5,208.95.112.1,TCP,56604,80,Unknown,ðŸš¨ Possible Port Scan Detected!
192.168.1.5,208.95.112.1,TCP,56605,80,Unknown,ðŸš¨ Possible Port Scan Detected!
208.95.112.1,192.168.1.5,TCP,80,56604,"âœ… Normal IP - ISP: Total Uptime Technologies, LLC, Country: United States",ðŸš¨ Possible DDoS Attack Detected!
208.95.112.1,192.168.1.5,TCP,80,56605,"âœ… Normal IP - ISP: Total Uptime Technologies, LLC, Country: United States",ðŸš¨ Possible DDoS Attack Detected!
192.168.1.5,208.95.112.1,TCP,56604,80,Error,ðŸš¨ Possible Port Scan Detected!
192.168.1.5,208.95.112.1,TCP,56605,80,Error,ðŸš¨ Possible Port Scan Detected!
192.168.1.5,208.95.112.1,TCP,56605,80,Error,ðŸš¨ Possible Port Scan Detected!
208.95.112.1,192.168.1.5,TCP,80,56605,Error,ðŸš¨ Possible DDoS Attack Detected!
192.168.1.5,208.95.112.1,TCP,56605,80,Error,ðŸš¨ Possible Port Scan Detected!
192.168.1.5,208.95.112.1,TCP,56605,80,Error,ðŸš¨ Possible Port Scan Detected!
192.168.1.5,208.95.112.1,TCP,56606,80,Error,ðŸš¨ Possible Port Scan Detected!
208.95.112.1,192.168.1.5,TCP,80,56606,Error,ðŸš¨ Possible DDoS Attack Detected!
208.95.112.1,192.168.1.5,TCP,80,56605,Error,ðŸš¨ Possible DDoS Attack Detected!
192.168.1.5,208.95.112.1,TCP,56606,80,Unknown,ðŸš¨ Possible Port Scan Detected!
192.168.1.5,208.95.112.1,TCP,56606,80,Unknown,ðŸš¨ Possible Port Scan Detected!
192.168.1.5,208.95.112.1,TCP,56605,80,Unknown,ðŸš¨ Possible Port Scan Detected!
208.95.112.1,192.168.1.5,TCP,80,56606,"âœ… Normal IP - ISP: Total Uptime Technologies, LLC, Country: United States",ðŸš¨ Possible DDoS Attack Detected!
192.168.1.5,208.95.112.1,TCP,56606,80,Unknown,ðŸš¨ Possible Port Scan Detected!
192.168.1.5,208.95.112.1,TCP,56606,80,Unknown,ðŸš¨ Possible Port Scan Detected!
192.168.1.5,208.95.112.1,TCP,56607,80,Unknown,ðŸš¨ Possible Port Scan Detected!
208.95.112.1,192.168.1.5,TCP,80,56606,"âœ… Normal IP - ISP: Total Uptime Technologies, LLC, Country: United States",ðŸš¨ Possible DDoS Attack Detected!
192.168.1.5,208.95.112.1,TCP,56606,80,Unknown,ðŸš¨ Possible Port Scan Detected!
208.95.112.1,192.168.1.5,TCP,80,56607,"âœ… Normal IP - ISP: Total Uptime Technologies, LLC, Country: United States",ðŸš¨ Possible DDoS Attack Detected!
192.168.1.5,208.95.112.1,TCP,56607,80,Unknown,ðŸš¨ Possible Port Scan Detected!
192.168.1.5,208.95.112.1,TCP,56607,80,Unknown,ðŸš¨ Possible Port Scan Detected!
208.95.112.1,192.168.1.5,TCP,80,56607,"âœ… Normal IP - ISP: Total Uptime Technologies, LLC, Country: United States",ðŸš¨ Possible DDoS Attack Detected!
192.168.1.5,208.95.112.1,TCP,56607,80,Unknown,ðŸš¨ Possible Port Scan Detected!
192.168.1.5,208.95.112.1,TCP,56607,80,Unknown,ðŸš¨ Possible Port Scan Detected!
192.168.1.5,208.95.112.1,TCP,56608,80,Unknown,ðŸš¨ Possible Port Scan Detected!
208.95.112.1,192.168.1.5,TCP,80,56608,"âœ… Normal IP - ISP: Total Uptime Technologies, LLC, Country: United States",ðŸš¨ Possible DDoS Attack Detected!
192.168.1.5,208.95.112.1,TCP,56608,80,Unknown,ðŸš¨ Possible Port Scan Detected!
192.168.1.5,208.95.112.1,TCP,56608,80,Unknown,ðŸš¨ Possible Port Scan Detected!
208.95.112.1,192.168.1.5,TCP,80,56607,"âœ… Normal IP - ISP: Total Uptime Technologies, LLC, Country: United States",ðŸš¨ Possible DDoS Attack Detected!
192.168.1.5,208.95.112.1,TCP,56607,80,Unknown,ðŸš¨ Possible Port Scan Detected!
192.168.1.5,208.95.112.1,TCP,56608,80,Unknown,ðŸš¨ Possible Port Scan Detected!
192.168.1.5,208.95.112.1,TCP,56609,80,Unknown,ðŸš¨ Possible Port Scan Detected!
208.95.112.1,192.168.1.5,TCP,80,56608,"âœ… Normal IP - ISP: Total Uptime Technologies, LLC, Country: United States",ðŸš¨ Possible DDoS Attack Detected!
192.168.1.5,208.95.112.1,TCP,56608,80,Unknown,ðŸš¨ Possible Port Scan Detected!
208.95.112.1,192.168.1.5,TCP,80,56609,"âœ… Normal IP - ISP: Total Uptime Technologies, LLC, Country: United States",ðŸš¨ Possible DDoS Attack Detected!
192.168.1.5,208.95.112.1,TCP,56609,80,Unknown,ðŸš¨ Possible Port Scan Detected!
192.168.1.5,208.95.112.1,TCP,56609,80,Unknown,ðŸš¨ Possible Port Scan Detected!
192.168.1.1,192.168.1.255,UDP,40836,9995,Unknown,None
208.95.112.1,192.168.1.5,TCP,80,56609,"âœ… Normal IP - ISP: Total Uptime Technologies, LLC, Country: United States",ðŸš¨ Possible DDoS Attack Detected!
192.168.1.5,208.95.112.1,TCP,56609,80,Unknown,ðŸš¨ Possible Port Scan Detected!
192.168.1.5,208.95.112.1,TCP,56609,80,Unknown,ðŸš¨ Possible Port Scan Detected!
192.168.1.5,208.95.112.1,TCP,56610,80,Unknown,ðŸš¨ Possible Port Scan Detected!
208.95.112.1,192.168.1.5,TCP,80,56609,"âœ… Normal IP - ISP: Total Uptime Technologies, LLC, Country: United States",ðŸš¨ Possible DDoS Attack Detected!
208.95.112.1,192.168.1.5,TCP,80,56610,"âœ… Normal IP - ISP: Total Uptime Technologies, LLC, Country: United States",ðŸš¨ Possible DDoS Attack Detected!
192.168.1.5,208.95.112.1,TCP,56609,80,Unknown,ðŸš¨ Possible Port Scan Detected!
192.168.1.5,208.95.112.1,TCP,56610,80,Unknown,ðŸš¨ Possible Port Scan Detected!
192.168.1.5,208.95.112.1,TCP,56610,80,Unknown,ðŸš¨ Possible Port Scan Detected!
208.95.112.1,192.168.1.5,TCP,80,56610,"âœ… Normal IP - ISP: Total Uptime Technologies, LLC, Country: United States",ðŸš¨ Possible DDoS Attack Detected!
192.168.1.5,208.95.112.1,TCP,56610,80,Unknown,ðŸš¨ Possible Port Scan Detected!
